# Blender 4.4.1
# www.blender.org
mtllib Tank.mtl
o Tank_Gun
v -0.517928 3.900802 -0.330604
v -9.828760 3.900800 -0.330603
v -0.517928 3.694848 -0.200346
v -9.828760 3.694846 -0.200344
v -0.517928 3.694848 0.060171
v -9.828760 3.694846 0.060173
v -0.517928 3.900802 0.190430
v -9.828760 3.900800 0.190431
v -0.517928 4.106755 0.060171
v -9.828760 4.106753 0.060173
v -0.517928 4.106755 -0.200346
v -9.828760 4.106753 -0.200344
v -9.828760 3.739152 -0.172322
v -9.828760 3.900800 -0.274559
v -9.828760 3.739152 0.032151
v -9.828760 3.900800 0.134388
v -9.828760 4.062448 0.032151
v -9.828760 4.062448 -0.172322
v -3.742103 3.739154 -0.172323
v -3.742103 3.900802 -0.274559
v -3.742103 3.739154 0.032151
v -3.742103 3.900802 0.134387
v -3.742103 4.062449 0.032151
v -3.742103 4.062449 -0.172323
v -8.284443 3.900800 -0.330603
v -8.284443 3.694846 -0.200344
v -8.284443 3.694846 0.060173
v -8.284443 3.900800 0.190431
v -8.284443 4.106753 0.060173
v -8.284443 4.106753 -0.200344
v -7.045178 3.694846 -0.200344
v -7.045178 3.694846 0.060173
v -7.045178 3.900800 0.190431
v -7.045178 4.106753 0.060173
v -7.045178 4.106753 -0.200344
v -7.045178 3.900800 -0.330603
v -7.112675 3.900800 -0.410985
v -8.216946 3.900800 -0.410985
v -8.216946 4.170300 -0.240535
v -8.216946 4.170300 0.100364
v -8.216946 3.900800 0.270814
v -8.216946 3.631299 0.100364
v -8.216946 3.631299 -0.240535
v -7.112675 3.631299 -0.240536
v -7.112675 3.631299 0.100364
v -7.112675 3.900800 0.270814
v -7.112675 4.170300 0.100364
v -7.112675 4.170300 -0.240536
v -8.932297 3.900800 -0.330603
v -8.932297 3.694846 -0.200344
v -8.932297 3.694846 0.060173
v -8.932297 3.900800 0.190431
v -8.932297 4.106753 0.060173
v -8.932297 4.106753 -0.200344
v -9.793411 3.641063 -0.234360
v -9.793411 3.900800 -0.398634
v -8.967646 3.900800 -0.398635
v -9.793411 3.641063 0.094189
v -9.793411 3.900800 0.258463
v -9.793411 4.160536 0.094189
v -9.793411 4.160536 -0.234360
v -8.967646 3.641063 -0.234360
v -8.967646 3.641063 0.094189
v -8.967646 3.900800 0.258463
v -8.967646 4.160536 0.094189
v -8.967646 4.160536 -0.234360
vn -0.8519 -0.2799 0.4426
vn -0.8519 -0.2800 -0.4426
vn -0.8519 0.2800 0.4426
vn 0.8519 0.2800 -0.4426
vn -1.0000 -0.0000 -0.0000
vn -0.8357 0.5492 -0.0000
vn 0.8519 -0.2800 0.4426
vn 1.0000 -0.0000 -0.0000
vn -0.0000 -1.0000 -0.0000
vn -0.0000 0.5345 -0.8452
vn -0.0000 0.5345 0.8452
vn -0.0000 -0.5345 0.8452
vn -0.0000 -0.5345 -0.8452
vn -0.0000 1.0000 -0.0000
vn 0.7094 0.3767 0.5957
vn -0.6855 0.7281 -0.0000
vn -0.6855 -0.7281 -0.0000
vn 0.7094 -0.3767 0.5957
vn -0.7094 0.3767 -0.5957
vn 0.7094 0.3767 -0.5957
vn -0.7094 -0.3767 -0.5957
vn 0.7094 -0.3767 -0.5957
vn -0.7094 0.3767 0.5957
vn 0.6855 0.7281 -0.0000
vn 0.6855 -0.7281 -0.0000
vn -0.7094 -0.3767 0.5957
vn 0.8357 -0.5492 -0.0000
vn -0.8357 -0.5492 -0.0000
vn 0.8357 0.5492 -0.0000
vn 0.8519 -0.2799 -0.4426
vn 0.8519 0.2800 0.4426
vn -0.8519 0.2799 -0.4426
s 0
usemtl Material.002
f 6//1 58//1 59//1 8//1
f 2//2 56//2 55//2 4//2
f 8//3 59//3 60//3 10//3
f 49//4 57//4 66//4 54//4
f 10//5 17//5 16//5 8//5
f 10//6 60//6 61//6 12//6
f 52//7 64//7 63//7 51//7
f 1//8 11//8 9//8 7//8 5//8 3//8
f 18//9 24//9 23//9 17//9
f 6//5 15//5 13//5 4//5
f 12//5 18//5 17//5 10//5
f 4//5 13//5 14//5 2//5
f 8//5 16//5 15//5 6//5
f 2//5 14//5 18//5 12//5
f 19//5 21//5 22//5 23//5 24//5 20//5
f 16//10 22//10 21//10 15//10
f 13//11 19//11 20//11 14//11
f 14//12 20//12 24//12 18//12
f 17//13 23//13 22//13 16//13
f 15//14 21//14 19//14 13//14
f 34//15 47//15 46//15 33//15
f 29//16 40//16 39//16 30//16
f 26//17 43//17 42//17 27//17
f 33//18 46//18 45//18 32//18
f 30//19 39//19 38//19 25//19
f 36//20 37//20 48//20 35//20
f 1//13 3//13 31//13 36//13
f 3//9 5//9 32//9 31//9
f 5//12 7//12 33//12 32//12
f 7//11 9//11 34//11 33//11
f 9//14 11//14 35//14 34//14
f 11//10 1//10 36//10 35//10
f 31//8 36//8 35//8 34//8 33//8 32//8
f 48//10 37//10 38//10 39//10
f 47//14 48//14 39//14 40//14
f 46//11 47//11 40//11 41//11
f 45//12 46//12 41//12 42//12
f 44//9 45//9 42//9 43//9
f 37//13 44//13 43//13 38//13
f 25//21 38//21 43//21 26//21
f 31//22 44//22 37//22 36//22
f 28//23 41//23 40//23 29//23
f 35//24 48//24 47//24 34//24
f 32//25 45//25 44//25 31//25
f 27//26 42//26 41//26 28//26
f 30//10 25//10 49//10 54//10
f 29//14 30//14 54//14 53//14
f 28//11 29//11 53//11 52//11
f 27//12 28//12 52//12 51//12
f 26//9 27//9 51//9 50//9
f 25//13 26//13 50//13 49//13
f 57//13 62//13 55//13 56//13
f 62//9 63//9 58//9 55//9
f 63//12 64//12 59//12 58//12
f 64//11 65//11 60//11 59//11
f 65//14 66//14 61//14 60//14
f 66//10 57//10 56//10 61//10
f 51//27 63//27 62//27 50//27
f 4//28 55//28 58//28 6//28
f 54//29 66//29 65//29 53//29
f 50//30 62//30 57//30 49//30
f 53//31 65//31 64//31 52//31
f 12//32 61//32 56//32 2//32
o Tank_body
v -7.028144 0.915157 4.871391
v -6.267653 0.419082 4.871391
v -6.926258 0.707458 4.871391
v -6.647897 0.501930 4.871391
v -6.267653 2.184723 4.871391
v -7.028144 1.688647 4.871391
v -6.647898 2.101874 4.871391
v -6.926258 1.896347 4.871391
v 6.258838 0.419082 4.871391
v 7.019329 0.915157 4.871391
v 6.639083 0.501930 4.871391
v 6.917443 0.707458 4.871391
v 7.019329 1.688647 4.871391
v 6.258838 2.184723 4.871391
v 6.917443 1.896347 4.871391
v 6.639082 2.101875 4.871391
v -6.009361 0.620370 4.871391
v -6.374080 0.684329 4.871391
v -6.641075 0.842995 4.871391
v -6.738800 1.003338 4.871391
v -6.374080 1.919476 4.871391
v -6.009361 1.983434 4.871391
v -6.641075 1.760809 4.871391
v -6.738800 1.600467 4.871391
v 6.365265 0.684329 4.871391
v 6.000546 0.620370 4.871391
v 6.632260 0.842995 4.871391
v 6.729986 1.003338 4.871391
v 6.000546 1.983434 4.871391
v 6.365265 1.919476 4.871391
v 6.632260 1.760810 4.871391
v 6.729986 1.600467 4.871391
v -6.267653 0.419082 3.041884
v -6.647897 0.501930 3.041884
v -6.926258 0.707458 3.041884
v -7.028144 0.915157 3.041884
v -6.647898 2.101874 3.041884
v -6.267653 2.184723 3.041884
v -6.926258 1.896347 3.041884
v -7.028144 1.688647 3.041884
v 6.639083 0.501930 3.041884
v 6.258838 0.419082 3.041884
v 6.917443 0.707458 3.041884
v 7.019329 0.915157 3.041884
v 6.258838 2.184723 3.041884
v 6.639082 2.101875 3.041884
v 6.917443 1.896347 3.041884
v 7.019329 1.688647 3.041884
v -6.009361 0.620370 3.041884
v -6.374080 0.684329 3.041884
v -6.641075 0.842995 3.041884
v -6.738800 1.003338 3.041884
v -6.374080 1.919476 3.041884
v -6.009361 1.983434 3.041884
v -6.641075 1.760809 3.041884
v -6.738800 1.600467 3.041884
v 6.365265 0.684329 3.041884
v 6.000546 0.620370 3.041884
v 6.632260 0.842995 3.041884
v 6.729986 1.003338 3.041884
v 6.000546 1.983434 3.041884
v 6.365265 1.919476 3.041884
v 6.632260 1.760810 3.041884
v 6.729986 1.600467 3.041884
v -7.028144 0.915157 -3.176852
v -6.267653 0.419082 -3.176852
v -6.926258 0.707458 -3.176852
v -6.647897 0.501930 -3.176852
v -6.267653 2.184723 -3.176852
v -7.028144 1.688647 -3.176852
v -6.647898 2.101874 -3.176852
v -6.926258 1.896347 -3.176852
v 6.258838 0.419082 -3.176852
v 7.019329 0.915157 -3.176852
v 6.639083 0.501930 -3.176852
v 6.917443 0.707458 -3.176852
v 7.019329 1.688647 -3.176852
v 6.258838 2.184723 -3.176852
v 6.917443 1.896347 -3.176852
v 6.639082 2.101875 -3.176852
v -6.085647 0.581172 -3.176852
v -6.454998 0.648809 -3.176852
v -6.725385 0.816601 -3.176852
v -6.824352 0.986166 -3.176852
v -6.454998 1.954995 -3.176852
v -6.085647 2.022632 -3.176852
v -6.725385 1.787204 -3.176852
v -6.824352 1.617639 -3.176852
v 6.446184 0.648809 -3.176852
v 6.076832 0.581172 -3.176852
v 6.716570 0.816601 -3.176852
v 6.815537 0.986166 -3.176852
v 6.076832 2.022632 -3.176852
v 6.446184 1.954996 -3.176852
v 6.716570 1.787204 -3.176852
v 6.815537 1.617639 -3.176852
v -6.267653 0.419082 -5.006359
v -6.647897 0.501930 -5.006359
v -6.926258 0.707458 -5.006359
v -7.028144 0.915157 -5.006359
v -6.647898 2.101874 -5.006359
v -6.267653 2.184723 -5.006359
v -6.926258 1.896347 -5.006359
v -7.028144 1.688647 -5.006359
v 6.639083 0.501930 -5.006359
v 6.258838 0.419082 -5.006359
v 6.917443 0.707458 -5.006359
v 7.019329 0.915157 -5.006359
v 6.258838 2.184723 -5.006359
v 6.639082 2.101875 -5.006359
v 6.917443 1.896347 -5.006359
v 7.019329 1.688647 -5.006359
v -6.085647 0.581172 -5.006359
v -6.454998 0.648809 -5.006359
v -6.725385 0.816601 -5.006359
v -6.824352 0.986166 -5.006359
v -6.454998 1.954995 -5.006359
v -6.085647 2.022632 -5.006359
v -6.725385 1.787204 -5.006359
v -6.824352 1.617639 -5.006359
v 6.446184 0.648809 -5.006359
v 6.076832 0.581172 -5.006359
v 6.716570 0.816601 -5.006359
v 6.815537 0.986166 -5.006359
v 6.076832 2.022632 -5.006359
v 6.446184 1.954996 -5.006359
v 6.716570 1.787204 -5.006359
v 6.815537 1.617639 -5.006359
v -5.288697 0.634074 3.002373
v 5.409410 2.919770 3.002373
v -3.133830 0.634074 3.002373
v -3.133830 2.432788 3.002373
v -2.110619 0.634074 3.002373
v -2.110618 3.248527 3.002373
v -5.691507 1.533431 3.002373
v 6.097353 1.612543 3.002373
v -3.133830 1.533431 3.002373
v -2.110618 1.941300 3.002373
v -5.445729 2.432788 3.002373
v -5.829200 1.840859 3.002373
v 3.517421 2.912113 1.879632
v -0.543406 2.912113 1.879632
v 3.108156 3.357328 1.563262
v -0.134141 3.357328 1.563262
v 2.683450 4.509910 1.212582
v 0.290565 4.509910 1.212582
v -0.392603 4.509910 1.212582
v 3.654685 4.509910 1.212582
v 2.683450 4.509910 1.774747
v 0.290565 4.509910 1.774747
v 3.654685 4.509910 1.774747
v -0.392603 4.509910 1.774747
v 5.620061 2.835966 2.873448
v -5.346215 2.835966 2.873448
v 5.620061 2.595968 2.873448
v -5.346215 2.595968 2.873448
v 5.620061 2.835966 4.976165
v -5.346215 2.835966 4.976165
v 5.620061 2.595968 4.976165
v -5.346215 2.595968 4.976165
v -6.174132 2.703559 2.873448
v -6.090591 2.478571 2.873448
v -6.174132 2.703559 4.976165
v -6.090591 2.478571 4.976165
v -7.023190 2.416357 2.873448
v -6.900155 2.210296 2.873448
v -7.023190 2.416357 4.976165
v -6.900155 2.210296 4.976165
v 6.386259 2.748906 2.873448
v 6.342969 2.512845 2.873448
v 6.386259 2.748906 4.976165
v 6.342969 2.512845 4.976165
v 7.204284 2.485808 2.873448
v 7.120316 2.260977 2.873448
v 7.204284 2.485808 4.976165
v 7.120316 2.260977 4.976165
v -0.606453 3.395094 1.563262
v -0.743451 3.595533 1.502278
v 4.005533 3.595533 1.502278
v 3.868534 3.395094 1.563262
v 3.108156 3.395094 1.894443
v 3.034299 3.595533 2.064443
v -0.060283 3.595533 2.064443
v -0.134141 3.395094 1.894443
v -0.606453 3.395094 1.894443
v -0.743451 3.595533 2.064443
v 3.868534 3.395094 1.894443
v 4.005533 3.595533 2.064443
v 4.364191 0.634074 3.002373
v 3.799154 3.248527 3.002373
v 4.364191 1.941300 3.002373
v 3.451166 3.248527 2.775045
v -1.762629 3.248527 2.775045
v 3.451166 3.149923 2.775045
v -1.762629 3.149923 2.775045
v -2.561490 2.889077 2.723162
v -2.682959 2.792238 2.723162
v -2.649308 2.961071 2.404862
v -2.733576 2.893889 2.404862
v 1.390583 2.780005 2.952908
v 1.390583 2.780005 4.691943
v 3.678770 2.780005 2.952908
v 3.678770 2.780005 4.691943
v 1.390583 3.212327 2.952908
v 3.678770 3.212327 2.952908
v 1.390583 2.909232 4.691943
v 1.390583 3.078360 4.506670
v 3.678770 3.078360 4.506670
v 3.678770 2.909232 4.691943
v -6.811901 2.549139 4.932200
v -6.749707 2.721372 4.932200
v -6.811901 2.549139 2.885381
v -6.749707 2.721372 2.885381
v -6.529848 2.640007 4.932200
v -6.680886 2.743543 4.932200
v -6.529848 2.640007 2.885381
v -6.680886 2.743543 2.885381
v -6.780809 2.452633 2.885381
v -6.780809 2.452633 4.932200
v -6.498757 2.543502 2.885381
v -6.498757 2.543502 4.932200
v -5.694207 2.810213 4.932200
v -5.607028 2.971248 4.932200
v -5.694207 2.810213 2.885381
v -5.607028 2.971248 2.885381
v -5.401758 2.858012 4.932200
v -5.535671 2.982910 4.932200
v -5.401758 2.858012 2.885381
v -5.535671 2.982910 2.885381
v -5.677853 2.710151 2.885381
v -5.677853 2.710151 4.932200
v -5.385404 2.757949 2.885381
v -5.385404 2.757949 4.932200
v -4.573602 2.883494 4.932200
v -4.461589 3.028357 4.932200
v -4.573602 2.883494 2.885381
v -4.461589 3.028357 2.885381
v -4.277273 2.883494 4.932200
v -4.389286 3.028357 4.932200
v -4.277273 2.883494 2.885381
v -4.389286 3.028357 2.885381
v -4.573602 2.782104 2.885381
v -4.573602 2.782104 4.932200
v -4.277273 2.782104 2.885381
v -4.277273 2.782104 4.932200
v -3.447551 2.883494 4.932200
v -3.335538 3.028357 4.932200
v -3.447551 2.883494 2.885381
v -3.335538 3.028357 2.885381
v -3.151222 2.883494 4.932200
v -3.263235 3.028357 4.932200
v -3.151222 2.883494 2.885381
v -3.263235 3.028357 2.885381
v -3.447551 2.782104 2.885381
v -3.447551 2.782104 4.932200
v -3.151222 2.782104 2.885381
v -3.151222 2.782104 4.932200
v -2.321500 2.883494 4.932200
v -2.209487 3.028357 4.932200
v -2.321500 2.883494 2.885381
v -2.209487 3.028357 2.885381
v -2.025171 2.883494 4.932200
v -2.137184 3.028357 4.932200
v -2.025171 2.883494 2.885381
v -2.137184 3.028357 2.885381
v -2.321500 2.782104 2.885381
v -2.321500 2.782104 4.932200
v -2.025171 2.782104 2.885381
v -2.025171 2.782104 4.932200
v -1.195449 2.883494 4.932200
v -1.083437 3.028357 4.932200
v -1.195449 2.883494 2.885381
v -1.083437 3.028357 2.885381
v -0.899120 2.883494 4.932200
v -1.011133 3.028357 4.932200
v -0.899120 2.883494 2.885381
v -1.011133 3.028357 2.885381
v -1.195449 2.782104 2.885381
v -1.195449 2.782104 4.932200
v -0.899120 2.782104 2.885381
v -0.899120 2.782104 4.932200
v -0.069398 2.883494 4.932200
v 0.042614 3.028357 4.932200
v -0.069398 2.883494 2.885381
v 0.042614 3.028357 2.885381
v 0.226931 2.883494 4.932200
v 0.114918 3.028357 4.932200
v 0.226931 2.883494 2.885381
v 0.114918 3.028357 2.885381
v -0.069398 2.782104 2.885381
v -0.069398 2.782104 4.932200
v 0.226931 2.782104 2.885381
v 0.226931 2.782104 4.932200
v 4.434807 2.876739 4.932200
v 4.546820 3.021602 4.932200
v 4.434807 2.876739 2.885381
v 4.546820 3.021602 2.885381
v 4.731137 2.876739 4.932200
v 4.619123 3.021602 4.932200
v 4.731137 2.876739 2.885381
v 4.619123 3.021602 2.885381
v 4.434807 2.775349 2.885381
v 4.434807 2.775349 4.932200
v 4.731137 2.775349 2.885381
v 4.731137 2.775349 4.932200
v 5.559334 2.894197 4.932200
v 5.687504 3.024983 4.932200
v 5.559334 2.894197 2.885381
v 5.687504 3.024983 2.885381
v 5.853634 2.859577 4.932200
v 5.759312 3.016536 4.932200
v 5.853634 2.859577 2.885381
v 5.759312 3.016536 2.885381
v 5.547489 2.793502 2.885381
v 5.547489 2.793502 4.932200
v 5.841788 2.758882 2.885381
v 5.841788 2.758882 4.932200
v 6.689887 2.687982 4.932200
v 6.844637 2.785883 4.932200
v 6.689887 2.687982 2.885381
v 6.844637 2.785883 2.885381
v 6.968401 2.586784 4.932200
v 6.912594 2.761191 4.932200
v 6.968401 2.586784 2.885381
v 6.912594 2.761191 2.885381
v 6.655262 2.592688 2.885381
v 6.655262 2.592688 4.932200
v 6.933776 2.491489 2.885381
v 6.933776 2.491489 4.932200
v -6.225433 1.918571 3.002373
v -5.939517 2.432788 3.002373
v -5.521465 1.621290 1.047182
v -5.521465 1.621290 0.597260
v -5.602736 1.914752 1.047182
v -5.602736 1.914752 0.597260
v -6.147616 1.621290 0.597260
v -6.147616 1.621290 1.047182
v -6.228887 1.914752 0.597260
v -6.228887 1.914752 1.047182
v -5.521465 1.621290 2.554017
v -5.521465 1.621290 2.104096
v -5.602736 1.914752 2.554017
v -5.602736 1.914752 2.104096
v -6.147616 1.621290 2.104096
v -6.147616 1.621290 2.554017
v -6.228887 1.914752 2.104096
v -6.228887 1.914752 2.554017
v -3.380389 2.432788 2.732371
v -5.285956 2.432788 2.732371
v -5.692958 2.432788 2.732371
v -3.380389 2.388435 2.732371
v -5.285956 2.388435 2.732371
v -5.692958 2.388435 2.732371
v 2.858875 4.339544 1.770729
v 0.115140 4.339544 1.770729
v 2.858875 3.765898 1.770729
v 0.115140 3.765898 1.770729
v 2.858875 4.339544 2.181150
v 0.115140 4.339544 2.181150
v 2.858875 3.765898 2.181150
v 0.115140 3.765898 2.181150
v -5.288697 0.634074 -3.142546
v 5.409410 2.919770 -3.142546
v -5.288697 0.634074 -0.070086
v 5.409410 2.919770 -0.070086
v -3.133830 0.634074 -3.142546
v -3.133830 2.432788 -3.142546
v -3.133830 2.432788 -0.070086
v -3.133830 0.634074 -0.070086
v -2.110619 0.634074 -3.142546
v -2.110619 3.248527 -0.070086
v -2.110618 3.248527 -3.142546
v -2.110618 0.634074 -0.070086
v -5.691507 1.533431 -3.142546
v 6.097353 1.612543 -3.142546
v 6.097353 1.612543 -0.070086
v -5.691507 1.533431 -0.070086
v -3.133830 1.533431 -3.142546
v -2.110618 1.941300 -3.142546
v -5.445729 2.432788 -3.142546
v -5.829200 1.840859 -3.142546
v -5.829200 1.840859 -0.070086
v -3.380389 2.388435 -0.070086
v 3.517421 2.912113 -2.019804
v 3.517421 2.912113 -0.070086
v -0.543406 2.912113 -0.070086
v -0.543406 2.912113 -2.019804
v 3.108156 3.357328 -0.070086
v 3.108156 3.357328 -1.703435
v -0.134142 3.357328 -0.070086
v -0.134141 3.357328 -1.703435
v 2.683450 4.509910 -0.070086
v 2.683450 4.509910 -1.352755
v 0.290564 4.509910 -0.070086
v 0.290565 4.509910 -1.352755
v -0.392603 4.509910 -0.070086
v -0.392603 4.509910 -1.352755
v 3.654685 4.509910 -0.070086
v 3.654685 4.509910 -1.352755
v 2.683450 4.509910 -1.914920
v 0.290565 4.509910 -1.914920
v 3.654685 4.509910 -1.914920
v -0.392603 4.509910 -1.914920
v 5.620061 2.835966 -3.013620
v -5.346215 2.835966 -3.013620
v 5.620061 2.595968 -3.013620
v -5.346215 2.595968 -3.013620
v 5.620061 2.835966 -5.116339
v -5.346215 2.835966 -5.116339
v 5.620061 2.595968 -5.116339
v -5.346215 2.595968 -5.116339
v -6.174132 2.703559 -3.013620
v -6.090591 2.478571 -3.013620
v -6.174132 2.703559 -5.116339
v -6.090591 2.478571 -5.116339
v -7.023190 2.416357 -3.013620
v -6.900155 2.210296 -3.013620
v -7.023190 2.416357 -5.116339
v -6.900155 2.210296 -5.116339
v 6.386259 2.748906 -3.013620
v 6.342969 2.512845 -3.013620
v 6.386259 2.748906 -5.116339
v 6.342969 2.512845 -5.116339
v 7.204284 2.485808 -3.013620
v 7.120316 2.260977 -3.013620
v 7.204284 2.485808 -5.116339
v 7.120316 2.260977 -5.116339
v -0.606453 3.395094 -0.070086
v -0.743452 3.595533 -0.070086
v -0.606453 3.395094 -1.703435
v -0.743451 3.595533 -1.642450
v 4.005533 3.595533 -0.070086
v 3.868534 3.395094 -0.070086
v 4.005533 3.595533 -1.642450
v 3.868534 3.395094 -1.703435
v 3.108156 3.395094 -2.034615
v 3.034299 3.595533 -2.204616
v -0.060283 3.595533 -2.204616
v -0.134141 3.395094 -2.034615
v -0.606453 3.395094 -2.034615
v -0.743451 3.595533 -2.204616
v 3.868534 3.395094 -2.034615
v 4.005533 3.595533 -2.204616
v 4.364191 0.634074 -3.142546
v 3.799154 3.248527 -0.070086
v 3.799154 3.248527 -3.142546
v 4.364191 0.634074 -0.070086
v 4.364191 1.941300 -3.142546
v 3.451166 3.248527 -2.915218
v -1.762629 3.248527 -2.915218
v -1.762630 3.248527 -0.070086
v 3.451166 3.248527 -0.070086
v 3.451166 3.149923 -2.915218
v -1.762629 3.149923 -2.915218
v -1.762630 3.149923 -0.070086
v 3.451166 3.149923 -0.070086
v -2.561490 2.889077 -2.863334
v -2.682959 2.792238 -2.863334
v -2.682959 2.792238 -0.070086
v -2.561490 2.889077 -0.070086
v -2.649308 2.961071 -2.545034
v -2.733576 2.893889 -2.545034
v -2.733576 2.893889 -0.070086
v -2.649308 2.961071 -0.070086
v 1.390583 2.780005 -3.093081
v 1.390583 2.780005 -4.832115
v 3.678770 2.780005 -3.093081
v 3.678770 2.780005 -4.832115
v 1.390583 3.212327 -3.093081
v 3.678770 3.212327 -3.093081
v 1.390583 2.909232 -4.832115
v 1.390583 3.078360 -4.646841
v 3.678770 3.078360 -4.646841
v 3.678770 2.909232 -4.832115
v -6.811901 2.549139 -5.072372
v -6.749707 2.721372 -5.072372
v -6.811901 2.549139 -3.025553
v -6.749707 2.721372 -3.025553
v -6.529848 2.640007 -5.072372
v -6.680886 2.743543 -5.072372
v -6.529848 2.640007 -3.025553
v -6.680886 2.743543 -3.025553
v -6.780809 2.452633 -3.025553
v -6.780809 2.452633 -5.072372
v -6.498757 2.543502 -3.025553
v -6.498757 2.543502 -5.072372
v -5.694207 2.810213 -5.072372
v -5.607028 2.971248 -5.072372
v -5.694207 2.810213 -3.025553
v -5.607028 2.971248 -3.025553
v -5.401758 2.858012 -5.072372
v -5.535671 2.982910 -5.072372
v -5.401758 2.858012 -3.025553
v -5.535671 2.982910 -3.025553
v -5.677853 2.710151 -3.025553
v -5.677853 2.710151 -5.072372
v -5.385404 2.757949 -3.025553
v -5.385404 2.757949 -5.072372
v -4.573602 2.883494 -5.072372
v -4.461589 3.028357 -5.072372
v -4.573602 2.883494 -3.025553
v -4.461589 3.028357 -3.025553
v -4.277273 2.883494 -5.072372
v -4.389286 3.028357 -5.072372
v -4.277273 2.883494 -3.025553
v -4.389286 3.028357 -3.025553
v -4.573602 2.782104 -3.025553
v -4.573602 2.782104 -5.072372
v -4.277273 2.782104 -3.025553
v -4.277273 2.782104 -5.072372
v -3.447551 2.883494 -5.072372
v -3.335538 3.028357 -5.072372
v -3.447551 2.883494 -3.025553
v -3.335538 3.028357 -3.025553
v -3.151222 2.883494 -5.072372
v -3.263235 3.028357 -5.072372
v -3.151222 2.883494 -3.025553
v -3.263235 3.028357 -3.025553
v -3.447551 2.782104 -3.025553
v -3.447551 2.782104 -5.072372
v -3.151222 2.782104 -3.025553
v -3.151222 2.782104 -5.072372
v -2.321500 2.883494 -5.072372
v -2.209487 3.028357 -5.072372
v -2.321500 2.883494 -3.025553
v -2.209487 3.028357 -3.025553
v -2.025171 2.883494 -5.072372
v -2.137184 3.028357 -5.072372
v -2.025171 2.883494 -3.025553
v -2.137184 3.028357 -3.025553
v -2.321500 2.782104 -3.025553
v -2.321500 2.782104 -5.072372
v -2.025171 2.782104 -3.025553
v -2.025171 2.782104 -5.072372
v -1.195449 2.883494 -5.072372
v -1.083437 3.028357 -5.072372
v -1.195449 2.883494 -3.025553
v -1.083437 3.028357 -3.025553
v -0.899120 2.883494 -5.072372
v -1.011133 3.028357 -5.072372
v -0.899120 2.883494 -3.025553
v -1.011133 3.028357 -3.025553
v -1.195449 2.782104 -3.025553
v -1.195449 2.782104 -5.072372
v -0.899120 2.782104 -3.025553
v -0.899120 2.782104 -5.072372
v -0.069398 2.883494 -5.072372
v 0.042614 3.028357 -5.072372
v -0.069398 2.883494 -3.025553
v 0.042614 3.028357 -3.025553
v 0.226931 2.883494 -5.072372
v 0.114918 3.028357 -5.072372
v 0.226931 2.883494 -3.025553
v 0.114918 3.028357 -3.025553
v -0.069398 2.782104 -3.025553
v -0.069398 2.782104 -5.072372
v 0.226931 2.782104 -3.025553
v 0.226931 2.782104 -5.072372
v 4.434807 2.876739 -5.072372
v 4.546820 3.021602 -5.072372
v 4.434807 2.876739 -3.025553
v 4.546820 3.021602 -3.025553
v 4.731137 2.876739 -5.072372
v 4.619123 3.021602 -5.072372
v 4.731137 2.876739 -3.025553
v 4.619123 3.021602 -3.025553
v 4.434807 2.775349 -3.025553
v 4.434807 2.775349 -5.072372
v 4.731137 2.775349 -3.025553
v 4.731137 2.775349 -5.072372
v 5.559334 2.894197 -5.072372
v 5.687504 3.024983 -5.072372
v 5.559334 2.894197 -3.025553
v 5.687504 3.024983 -3.025553
v 5.853634 2.859577 -5.072372
v 5.759312 3.016536 -5.072372
v 5.853634 2.859577 -3.025553
v 5.759312 3.016536 -3.025553
v 5.547489 2.793502 -3.025553
v 5.547489 2.793502 -5.072372
v 5.841788 2.758882 -3.025553
v 5.841788 2.758882 -5.072372
v 6.689887 2.687982 -5.072372
v 6.844637 2.785883 -5.072372
v 6.689887 2.687982 -3.025553
v 6.844637 2.785883 -3.025553
v 6.968401 2.586784 -5.072372
v 6.912594 2.761191 -5.072372
v 6.968401 2.586784 -3.025553
v 6.912594 2.761191 -3.025553
v 6.655262 2.592688 -3.025553
v 6.655262 2.592688 -5.072372
v 6.933776 2.491489 -3.025553
v 6.933776 2.491489 -5.072372
v -6.225433 1.918571 -3.142546
v -5.939517 2.432788 -3.142546
v -5.939517 2.432788 -0.070086
v -6.225433 1.918571 -0.070086
v -5.521465 1.621290 -1.187354
v -5.521465 1.621290 -0.737433
v -5.602736 1.914752 -1.187354
v -5.602736 1.914752 -0.737433
v -6.147616 1.621290 -0.737433
v -6.147616 1.621290 -1.187354
v -6.228887 1.914752 -0.737433
v -6.228887 1.914752 -1.187354
v -5.521465 1.621290 -2.694189
v -5.521465 1.621290 -2.244268
v -5.602736 1.914752 -2.694189
v -5.602736 1.914752 -2.244268
v -6.147616 1.621290 -2.244268
v -6.147616 1.621290 -2.694189
v -6.228887 1.914752 -2.244268
v -6.228887 1.914752 -2.694189
v -3.380389 2.432788 -0.070086
v -3.380389 2.432788 -2.872543
v -5.285956 2.432788 -2.872543
v -5.692958 2.432788 -2.872543
v -5.692958 2.432788 -0.070086
v -3.380389 2.388435 -2.872543
v -5.285956 2.388435 -2.872543
v -5.285956 2.388435 -0.070086
v -5.692958 2.388435 -2.872543
v -5.692958 2.388435 -0.070086
v 2.858875 4.339544 -1.910902
v 0.115140 4.339544 -1.910902
v 2.858875 3.765898 -1.910902
v 0.115140 3.765898 -1.910902
v 2.858875 4.339544 -2.321322
v 0.115140 4.339544 -2.321322
v 2.858875 3.765898 -2.321322
v 0.115140 3.765898 -2.321322
v -0.504842 4.470887 0.900373
v -0.168330 4.362010 0.900373
v 0.039647 4.076967 0.900373
v 0.039646 3.724634 0.900373
v -0.168330 3.439591 0.900373
v -0.504842 3.330714 0.900373
v -0.841354 3.439591 0.900373
v -1.049330 3.724634 0.900373
v -1.049330 4.076967 0.900373
v -0.841354 4.362010 0.900373
v -0.251097 4.248573 0.900373
v -0.504842 4.330671 0.900373
v -0.094274 4.033638 0.900373
v -0.094274 3.767963 0.900373
v -0.251097 3.553029 0.900373
v -0.504842 3.470931 0.900373
v -0.758587 3.553029 0.900373
v -0.915410 3.767963 0.900373
v -0.915410 4.033638 0.900373
v -0.758587 4.248573 0.900373
v -0.287727 4.198370 1.179965
v -0.251097 4.248573 1.079499
v -0.504842 4.330671 1.079499
v -0.504842 4.268616 1.179965
v -0.153542 4.014462 1.179965
v -0.094274 4.033638 1.079499
v -0.153542 3.787139 1.179965
v -0.094274 3.767963 1.079499
v -0.287727 3.603232 1.179965
v -0.251097 3.553029 1.079499
v -0.504842 3.532985 1.179965
v -0.504842 3.470931 1.079499
v -0.721957 3.603232 1.179965
v -0.758587 3.553029 1.079499
v -0.856141 3.787139 1.179965
v -0.915410 3.767963 1.079499
v -0.856141 4.014462 1.179965
v -0.915410 4.033638 1.079499
v -0.721957 4.198370 1.179965
v -0.758587 4.248573 1.079499
v -0.504842 4.470887 -1.040545
v -0.168330 4.362010 -1.040545
v 0.039647 4.076967 -1.040545
v 0.039646 3.724635 -1.040545
v -0.168330 3.439591 -1.040545
v -0.504842 3.330714 -1.040545
v -0.841354 3.439591 -1.040545
v -1.049330 3.724634 -1.040545
v -1.049330 4.076967 -1.040545
v -0.841354 4.362010 -1.040545
v -0.504842 4.470887 -0.070086
v -0.168330 4.362010 -0.070086
v 0.039647 4.076967 -0.070086
v 0.039646 3.724634 -0.070086
v -0.168330 3.439591 -0.070086
v -0.504842 3.330714 -0.070086
v -0.841354 3.439591 -0.070086
v -1.049330 3.724634 -0.070086
v -1.049330 4.076967 -0.070086
v -0.841354 4.362010 -0.070086
v -0.251097 4.248573 -1.040545
v -0.504842 4.330671 -1.040545
v -0.094274 4.033638 -1.040545
v -0.094274 3.767963 -1.040545
v -0.251097 3.553029 -1.040545
v -0.504842 3.470931 -1.040545
v -0.758587 3.553029 -1.040545
v -0.915410 3.767963 -1.040545
v -0.915410 4.033638 -1.040545
v -0.758587 4.248573 -1.040545
v -0.287727 4.198370 -1.320138
v -0.251097 4.248573 -1.219672
v -0.504842 4.330671 -1.219672
v -0.504842 4.268616 -1.320138
v -0.153542 4.014462 -1.320138
v -0.094274 4.033638 -1.219672
v -0.153542 3.787139 -1.320138
v -0.094274 3.767963 -1.219672
v -0.287727 3.603232 -1.320138
v -0.251097 3.553029 -1.219672
v -0.504842 3.532985 -1.320138
v -0.504842 3.470931 -1.219672
v -0.721957 3.603232 -1.320138
v -0.758587 3.553029 -1.219672
v -0.856141 3.787139 -1.320138
v -0.915410 3.767963 -1.219672
v -0.856141 4.014462 -1.320138
v -0.915410 4.033638 -1.219672
v -0.721957 4.198370 -1.320138
v -0.758587 4.248573 -1.219672
v 0.210346 2.831049 0.423840
v 0.210346 4.549263 0.423840
v 0.210346 2.831049 -0.556181
v 0.210346 4.549263 -0.556181
v 4.371878 2.831049 0.423840
v 3.708970 4.549263 0.423840
v 4.371878 2.831049 -0.556181
v 3.708970 4.549263 -0.556181
v 1.783664 4.382986 -1.552742
v 1.783664 4.746239 -1.426610
v 2.740699 4.382986 -1.118482
v 2.659283 4.746239 -1.029294
v 3.137116 4.382986 -0.070086
v 3.021976 4.746239 -0.070086
v 2.740699 4.382986 0.978310
v 2.659283 4.746239 0.889121
v 1.783664 4.382986 1.412570
v 1.783664 4.746239 1.286438
v 0.826628 4.382986 0.978310
v 0.908045 4.746239 0.889121
v 0.430212 4.382986 -0.070086
v 0.545352 4.746239 -0.070086
v 0.826628 4.382986 -1.118482
v 0.908045 4.746239 -1.029294
v 2.531321 4.746239 -0.889116
v 1.783664 4.746239 -1.228370
v 2.841011 4.746239 -0.070086
v 2.531321 4.746239 0.748944
v 1.783664 4.746239 1.088197
v 1.036007 4.746239 0.748944
v 0.726317 4.746239 -0.070086
v 1.036007 4.746239 -0.889116
v 2.531321 4.633591 -0.889116
v 1.783664 4.633591 -1.228370
v 2.841011 4.633591 -0.070086
v 2.531321 4.633591 0.748944
v 1.783664 4.633591 1.088197
v 1.036007 4.633591 0.748944
v 0.726317 4.633591 -0.070086
v 1.036007 4.633591 -0.889116
v -0.577701 3.103108 2.568236
v -0.577701 3.103108 2.460868
v -0.471239 3.103108 2.568236
v -0.471239 3.103108 2.460868
v -0.582588 3.593929 2.573590
v -0.577701 3.681487 2.568236
v -0.577701 3.681487 2.460868
v -0.582588 3.593929 2.455515
v -0.492985 3.686374 2.455515
v -0.481628 3.582573 2.447369
v -0.492985 3.686374 2.573590
v -0.481628 3.582573 2.581735
v -0.084906 3.686374 2.455515
v -0.084906 3.567297 2.455515
v -0.084906 3.686374 2.573590
v -0.084906 3.567297 2.573590
v 0.301428 3.103108 2.568236
v 0.301428 3.103108 2.460868
v 0.407890 3.103108 2.568236
v 0.407890 3.103108 2.460868
v 0.311817 3.582573 2.581735
v 0.323173 3.686374 2.573590
v 0.323173 3.686374 2.455515
v 0.311817 3.582573 2.447369
v 0.386144 3.686374 2.455515
v 0.397501 3.582573 2.447369
v 0.386144 3.686374 2.573590
v 0.397501 3.582573 2.581735
v 0.794223 3.686374 2.455515
v 0.794223 3.567297 2.455515
v 0.794223 3.686374 2.573590
v 0.794223 3.567297 2.573590
v 1.180557 3.103108 2.568236
v 1.180557 3.103108 2.460868
v 1.287019 3.103108 2.568236
v 1.287019 3.103108 2.460868
v 1.190946 3.582573 2.581735
v 1.202302 3.686374 2.573590
v 1.202302 3.686374 2.455515
v 1.190946 3.582573 2.447369
v 1.265273 3.686374 2.455515
v 1.276630 3.582573 2.447369
v 1.265273 3.686374 2.573590
v 1.276630 3.582573 2.581735
v 1.673352 3.686374 2.455515
v 1.673352 3.567297 2.455515
v 1.673352 3.686374 2.573590
v 1.673352 3.567297 2.573590
v 2.059685 3.103108 2.568236
v 2.059685 3.103108 2.460868
v 2.166147 3.103108 2.568236
v 2.166147 3.103108 2.460868
v 2.070075 3.582573 2.581735
v 2.081431 3.686374 2.573590
v 2.081431 3.686374 2.455515
v 2.070075 3.582573 2.447369
v 2.144402 3.686374 2.455515
v 2.155758 3.582573 2.447369
v 2.144402 3.686374 2.573590
v 2.155758 3.582573 2.581735
v 2.552481 3.686374 2.455515
v 2.552481 3.567297 2.455515
v 2.552481 3.686374 2.573590
v 2.552481 3.567297 2.573590
v 2.938815 3.103108 2.568236
v 2.938815 3.103108 2.460868
v 3.045277 3.103108 2.568236
v 3.045277 3.103108 2.460868
v 2.949204 3.582573 2.581735
v 2.960560 3.686374 2.573590
v 2.960560 3.686374 2.455515
v 2.949204 3.582573 2.447369
v 3.023531 3.686374 2.455515
v 3.034888 3.582573 2.447369
v 3.023531 3.686374 2.573590
v 3.034888 3.582573 2.581735
v 3.431610 3.686374 2.455515
v 3.431610 3.567297 2.455515
v 3.431610 3.686374 2.573590
v 3.431610 3.567297 2.573590
v 3.817944 3.103108 2.568236
v 3.817944 3.103108 2.460868
v 3.924406 3.103108 2.568236
v 3.924406 3.103108 2.460868
v 3.828333 3.582573 2.581735
v 3.839689 3.686374 2.573590
v 3.839689 3.686374 2.455515
v 3.828333 3.582573 2.447369
v 3.902660 3.686374 2.455515
v 3.914016 3.582573 2.447369
v 3.902660 3.686374 2.573590
v 3.914016 3.582573 2.581735
v 4.697073 2.884657 2.568236
v 4.697073 2.884657 2.460868
v 4.803535 2.884657 2.568236
v 4.803535 2.884657 2.460868
v 4.707462 3.337817 2.581735
v 4.718818 3.441618 2.573590
v 4.707457 3.449032 2.472183
v 4.697079 3.327468 2.460817
v 4.808472 3.441567 2.484514
v 4.815844 3.337908 2.472105
v 4.803535 3.436731 2.568236
v 4.808422 3.349173 2.573590
v 4.694668 3.441638 1.937297
v 4.694668 3.322519 1.937297
v 4.802381 3.441669 1.937194
v 4.802381 3.322489 1.937194
v 4.797545 2.884657 1.679193
v 4.699534 2.884657 1.679193
v 4.797545 2.884657 1.562568
v 4.699534 2.884657 1.562568
v 4.809868 3.337816 1.667812
v 4.802433 3.441618 1.655372
v 4.694647 3.441618 1.655372
v 4.687211 3.337816 1.667811
v 4.694647 3.441618 1.586389
v 4.687211 3.337816 1.573949
v 4.802433 3.441618 1.586390
v 4.809868 3.337816 1.573949
v 4.694647 3.441618 1.139354
v 4.694647 3.322540 1.139354
v 4.802433 3.441618 1.139354
v 4.802433 3.322540 1.139354
v 4.797545 2.884657 0.716140
v 4.699534 2.884657 0.716140
v 4.797545 2.884657 0.599515
v 4.699534 2.884657 0.599515
v 4.809868 3.337816 0.704759
v 4.802433 3.441618 0.692319
v 4.694647 3.441618 0.692319
v 4.687211 3.337816 0.704759
v 4.694647 3.441618 0.623336
v 4.687211 3.337816 0.610896
v 4.802433 3.441618 0.623336
v 4.809868 3.337816 0.610896
v -0.577701 3.103108 -2.708408
v -0.577701 3.103108 -2.601041
v -0.471239 3.103108 -2.708408
v -0.471239 3.103108 -2.601041
v -0.582588 3.593929 -2.713762
v -0.577701 3.681487 -2.708408
v -0.577701 3.681487 -2.601041
v -0.582588 3.593929 -2.595687
v -0.492985 3.686374 -2.595687
v -0.481628 3.582573 -2.587542
v -0.492985 3.686374 -2.713762
v -0.481628 3.582573 -2.721908
v -0.084906 3.686374 -2.595687
v -0.084906 3.567297 -2.595687
v -0.084906 3.686374 -2.713762
v -0.084906 3.567297 -2.713762
v 0.301428 3.103108 -2.708408
v 0.301428 3.103108 -2.601041
v 0.407890 3.103108 -2.708408
v 0.407890 3.103108 -2.601041
v 0.311817 3.582573 -2.721908
v 0.323173 3.686374 -2.713762
v 0.323173 3.686374 -2.595687
v 0.311817 3.582573 -2.587542
v 0.386144 3.686374 -2.595687
v 0.397501 3.582573 -2.587542
v 0.386144 3.686374 -2.713762
v 0.397501 3.582573 -2.721908
v 0.794223 3.686374 -2.595687
v 0.794223 3.567297 -2.595687
v 0.794223 3.686374 -2.713762
v 0.794223 3.567297 -2.713762
v 1.180557 3.103108 -2.708408
v 1.180557 3.103108 -2.601041
v 1.287019 3.103108 -2.708408
v 1.287019 3.103108 -2.601041
v 1.190946 3.582573 -2.721908
v 1.202302 3.686374 -2.713762
v 1.202302 3.686374 -2.595687
v 1.190946 3.582573 -2.587542
v 1.265273 3.686374 -2.595687
v 1.276630 3.582573 -2.587542
v 1.265273 3.686374 -2.713762
v 1.276630 3.582573 -2.721908
v 1.673352 3.686374 -2.595687
v 1.673352 3.567297 -2.595687
v 1.673352 3.686374 -2.713762
v 1.673352 3.567297 -2.713762
v 2.059685 3.103108 -2.708408
v 2.059685 3.103108 -2.601041
v 2.166147 3.103108 -2.708408
v 2.166147 3.103108 -2.601041
v 2.070075 3.582573 -2.721908
v 2.081431 3.686374 -2.713762
v 2.081431 3.686374 -2.595687
v 2.070075 3.582573 -2.587542
v 2.144402 3.686374 -2.595687
v 2.155758 3.582573 -2.587542
v 2.144402 3.686374 -2.713762
v 2.155758 3.582573 -2.721908
v 2.552481 3.686374 -2.595687
v 2.552481 3.567297 -2.595687
v 2.552481 3.686374 -2.713762
v 2.552481 3.567297 -2.713762
v 2.938815 3.103108 -2.708408
v 2.938815 3.103108 -2.601041
v 3.045277 3.103108 -2.708408
v 3.045277 3.103108 -2.601041
v 2.949204 3.582573 -2.721908
v 2.960560 3.686374 -2.713762
v 2.960560 3.686374 -2.595687
v 2.949204 3.582573 -2.587542
v 3.023531 3.686374 -2.595687
v 3.034888 3.582573 -2.587542
v 3.023531 3.686374 -2.713762
v 3.034888 3.582573 -2.721908
v 3.431610 3.686374 -2.595687
v 3.431610 3.567297 -2.595687
v 3.431610 3.686374 -2.713762
v 3.431610 3.567297 -2.713762
v 3.817944 3.103108 -2.708408
v 3.817944 3.103108 -2.601041
v 3.924406 3.103108 -2.708408
v 3.924406 3.103108 -2.601041
v 3.828333 3.582573 -2.721908
v 3.839689 3.686374 -2.713762
v 3.839689 3.686374 -2.595687
v 3.828333 3.582573 -2.587542
v 3.902660 3.686374 -2.595687
v 3.914016 3.582573 -2.587542
v 3.902660 3.686374 -2.713762
v 3.914016 3.582573 -2.721908
v 4.697073 2.884657 -2.708408
v 4.697073 2.884657 -2.601041
v 4.803535 2.884657 -2.708408
v 4.803535 2.884657 -2.601041
v 4.707462 3.337817 -2.721908
v 4.718818 3.441618 -2.713762
v 4.707457 3.449032 -2.612355
v 4.697079 3.327468 -2.600989
v 4.808472 3.441567 -2.624687
v 4.815844 3.337908 -2.612278
v 4.803535 3.436731 -2.708408
v 4.808422 3.349173 -2.713762
v 4.694668 3.441638 -2.077470
v 4.694668 3.322519 -2.077470
v 4.802381 3.441669 -2.077367
v 4.802381 3.322489 -2.077367
v 4.797545 2.884657 -1.819365
v 4.699534 2.884657 -1.819365
v 4.797545 2.884657 -1.702740
v 4.699534 2.884657 -1.702740
v 4.809868 3.337816 -1.807984
v 4.802433 3.441618 -1.795544
v 4.694647 3.441618 -1.795544
v 4.687211 3.337816 -1.807984
v 4.694647 3.441618 -1.726562
v 4.687211 3.337816 -1.714121
v 4.802433 3.441618 -1.726562
v 4.809868 3.337816 -1.714122
v 4.694647 3.441618 -1.279527
v 4.694647 3.322540 -1.279527
v 4.802433 3.441618 -1.279527
v 4.802433 3.322540 -1.279527
v 4.797545 2.884657 -0.856313
v 4.699534 2.884657 -0.856313
v 4.797545 2.884657 -0.739687
v 4.699534 2.884657 -0.739687
v 4.809868 3.337816 -0.844932
v 4.802433 3.441618 -0.832492
v 4.694647 3.441618 -0.832492
v 4.687211 3.337816 -0.844932
v 4.694647 3.441618 -0.763509
v 4.687211 3.337816 -0.751069
v 4.802433 3.441618 -0.763509
v 4.809868 3.337816 -0.751069
v 4.694647 3.441618 -0.070086
v 4.694647 3.322540 -0.070086
v 4.802433 3.441618 -0.070086
v 4.802433 3.322540 -0.070086
v -5.288697 1.075088 4.439017
v -3.133830 1.075088 4.439017
v -2.110619 1.075088 4.439017
v -5.691507 2.185977 4.439017
v -3.655026 2.344986 4.439017
v -2.110618 2.318485 4.439017
v 4.364191 1.075088 4.439017
v 4.496698 2.424491 4.439017
v -6.746280 1.172260 4.439017
v -6.733899 1.797289 4.439017
v 6.705157 1.446109 4.439017
v 6.316468 2.159476 4.439017
v -5.288697 1.075088 4.675727
v -3.133830 1.075088 4.675727
v -2.110619 1.075088 4.675727
v -5.691507 2.185977 4.675727
v -3.655026 2.344986 4.675727
v -2.110618 2.318485 4.675727
v 4.364191 1.075088 4.675727
v 4.496698 2.424491 4.675727
v -6.746280 1.172260 4.675727
v -6.733899 1.797289 4.675727
v 6.705157 1.446109 4.675727
v 6.316468 2.159476 4.675727
v -5.288697 1.075088 -4.579189
v -3.133830 1.075088 -4.579189
v -2.110619 1.075088 -4.579189
v -5.691507 2.185977 -4.579189
v -3.655026 2.344986 -4.579189
v -2.110618 2.318485 -4.579189
v 4.364191 1.075088 -4.579189
v 4.496698 2.424491 -4.579189
v -6.746280 1.172260 -4.579189
v -6.733899 1.797289 -4.579189
v 6.705157 1.446109 -4.579189
v 6.316468 2.159476 -4.579189
v -5.288697 1.075088 -4.815899
v -3.133830 1.075088 -4.815899
v -2.110619 1.075088 -4.815899
v -5.691507 2.185977 -4.815899
v -3.655026 2.344986 -4.815899
v -2.110618 2.318485 -4.815899
v 4.364191 1.075088 -4.815899
v 4.496698 2.424491 -4.815899
v -6.746280 1.172260 -4.815899
v -6.733899 1.797289 -4.815899
v 6.705157 1.446109 -4.815899
v 6.316468 2.159476 -4.815899
v 3.841190 2.436096 4.398934
v 4.234603 2.330681 4.398934
v 4.522602 2.042682 4.398934
v 4.628017 1.649269 4.398934
v 4.522602 1.255855 4.398934
v 4.234603 0.967856 4.398934
v 3.841190 0.862441 4.398934
v 3.447776 0.967856 4.398934
v 3.159777 1.255854 4.398934
v 3.054362 1.649268 4.398934
v 3.159777 2.042682 4.398934
v 3.447776 2.330681 4.398934
v 4.179926 2.235978 4.398934
v 3.841190 2.326742 4.398934
v 4.427899 1.988005 4.398934
v 4.518663 1.649269 4.398934
v 4.427899 1.310531 4.398934
v 4.179927 1.062559 4.398934
v 3.841190 0.971795 4.398934
v 3.502453 1.062559 4.398934
v 3.254480 1.310531 4.398934
v 3.163716 1.649268 4.398934
v 3.254480 1.988005 4.398934
v 3.502452 2.235978 4.398934
v 4.179926 2.235978 4.289802
v 3.841190 2.326742 4.289802
v 4.427899 1.988005 4.289802
v 4.518663 1.649269 4.289802
v 4.427899 1.310531 4.289802
v 4.179927 1.062559 4.289802
v 3.841190 0.971795 4.289802
v 3.502453 1.062559 4.289802
v 3.254480 1.310531 4.289802
v 3.163716 1.649268 4.289802
v 3.254480 1.988005 4.289802
v 3.502452 2.235978 4.289802
v 4.030442 1.977063 4.289802
v 3.841190 2.027773 4.289802
v 4.168984 1.838521 4.289802
v 4.219695 1.649269 4.289802
v 4.168984 1.460016 4.289802
v 4.030442 1.321474 4.289802
v 3.841190 1.270764 4.289802
v 3.651937 1.321474 4.289802
v 3.513395 1.460016 4.289802
v 3.462685 1.649268 4.289802
v 3.513395 1.838521 4.289802
v 3.651937 1.977063 4.289802
v 4.030442 1.977063 4.398015
v 3.841190 2.027773 4.398015
v 4.168984 1.838521 4.398015
v 4.219695 1.649269 4.398015
v 4.168984 1.460016 4.398015
v 4.030442 1.321474 4.398015
v 3.841190 1.270764 4.398015
v 3.651937 1.321474 4.398015
v 3.513395 1.460016 4.398015
v 3.462685 1.649268 4.398015
v 3.513395 1.838521 4.398015
v 3.651937 1.977063 4.398015
v 3.841190 2.436096 3.329908
v 4.234603 2.330681 3.329908
v 4.522602 2.042682 3.329908
v 4.628017 1.649269 3.329908
v 4.522602 1.255855 3.329908
v 4.234603 0.967856 3.329908
v 3.841190 0.862441 3.329908
v 3.447776 0.967856 3.329908
v 3.159777 1.255854 3.329908
v 3.054362 1.649268 3.329908
v 3.159777 2.042682 3.329908
v 3.447776 2.330681 3.329908
v 4.179926 2.235978 3.329908
v 3.841190 2.326742 3.329908
v 4.427899 1.988005 3.329908
v 4.518663 1.649269 3.329908
v 4.427899 1.310531 3.329908
v 4.179927 1.062559 3.329908
v 3.841190 0.971795 3.329908
v 3.502453 1.062559 3.329908
v 3.254480 1.310531 3.329908
v 3.163716 1.649268 3.329908
v 3.254480 1.988005 3.329908
v 3.502452 2.235978 3.329908
v 4.179926 2.235978 3.439040
v 3.841190 2.326742 3.439040
v 4.427899 1.988005 3.439040
v 4.518663 1.649269 3.439040
v 4.427899 1.310531 3.439040
v 4.179927 1.062559 3.439040
v 3.841190 0.971795 3.439040
v 3.502453 1.062559 3.439040
v 3.254480 1.310531 3.439040
v 3.163716 1.649268 3.439040
v 3.254480 1.988005 3.439040
v 3.502452 2.235978 3.439040
v 4.030442 1.977063 3.439040
v 3.841190 2.027773 3.439040
v 4.168984 1.838521 3.439040
v 4.219695 1.649269 3.439040
v 4.168984 1.460016 3.439040
v 4.030442 1.321474 3.439040
v 3.841190 1.270764 3.439040
v 3.651937 1.321474 3.439040
v 3.513395 1.460016 3.439040
v 3.462685 1.649268 3.439040
v 3.513395 1.838521 3.439040
v 3.651937 1.977063 3.439040
v 4.030442 1.977063 3.330827
v 3.841190 2.027773 3.330827
v 4.168984 1.838521 3.330827
v 4.219695 1.649269 3.330827
v 4.168984 1.460016 3.330827
v 4.030442 1.321474 3.330827
v 3.841190 1.270764 3.330827
v 3.651937 1.321474 3.330827
v 3.513395 1.460016 3.330827
v 3.462685 1.649268 3.330827
v 3.513395 1.838521 3.330827
v 3.651937 1.977063 3.330827
v 1.323342 2.436096 4.398934
v 1.716756 2.330681 4.398934
v 2.004755 2.042682 4.398934
v 2.110169 1.649269 4.398934
v 2.004755 1.255855 4.398934
v 1.716756 0.967856 4.398934
v 1.323342 0.862441 4.398934
v 0.929928 0.967856 4.398934
v 0.641930 1.255854 4.398934
v 0.536515 1.649268 4.398934
v 0.641929 2.042682 4.398934
v 0.929928 2.330681 4.398934
v 1.662079 2.235978 4.398934
v 1.323342 2.326742 4.398934
v 1.910052 1.988005 4.398934
v 2.000816 1.649269 4.398934
v 1.910052 1.310531 4.398934
v 1.662079 1.062559 4.398934
v 1.323342 0.971795 4.398934
v 0.984605 1.062559 4.398934
v 0.736633 1.310531 4.398934
v 0.645868 1.649268 4.398934
v 0.736632 1.988005 4.398934
v 0.984605 2.235978 4.398934
v 1.662079 2.235978 4.289802
v 1.323342 2.326742 4.289802
v 1.910052 1.988005 4.289802
v 2.000816 1.649269 4.289802
v 1.910052 1.310531 4.289802
v 1.662079 1.062559 4.289802
v 1.323342 0.971795 4.289802
v 0.984605 1.062559 4.289802
v 0.736633 1.310531 4.289802
v 0.645868 1.649268 4.289802
v 0.736632 1.988005 4.289802
v 0.984605 2.235978 4.289802
v 1.512594 1.977063 4.289802
v 1.323342 2.027773 4.289802
v 1.651137 1.838521 4.289802
v 1.701847 1.649269 4.289802
v 1.651137 1.460016 4.289802
v 1.512594 1.321474 4.289802
v 1.323342 1.270764 4.289802
v 1.134090 1.321474 4.289802
v 0.995547 1.460016 4.289802
v 0.944837 1.649268 4.289802
v 0.995547 1.838521 4.289802
v 1.134089 1.977063 4.289802
v 1.512594 1.977063 4.398015
v 1.323342 2.027773 4.398015
v 1.651137 1.838521 4.398015
v 1.701847 1.649269 4.398015
v 1.651137 1.460016 4.398015
v 1.512594 1.321474 4.398015
v 1.323342 1.270764 4.398015
v 1.134090 1.321474 4.398015
v 0.995547 1.460016 4.398015
v 0.944837 1.649268 4.398015
v 0.995547 1.838521 4.398015
v 1.134089 1.977063 4.398015
v 1.323342 2.436096 3.329908
v 1.716756 2.330681 3.329908
v 2.004755 2.042682 3.329908
v 2.110169 1.649269 3.329908
v 2.004755 1.255855 3.329908
v 1.716756 0.967856 3.329908
v 1.323342 0.862441 3.329908
v 0.929928 0.967856 3.329908
v 0.641930 1.255854 3.329908
v 0.536515 1.649268 3.329908
v 0.641929 2.042682 3.329908
v 0.929928 2.330681 3.329908
v 1.662079 2.235978 3.329908
v 1.323342 2.326742 3.329908
v 1.910052 1.988005 3.329908
v 2.000816 1.649269 3.329908
v 1.910052 1.310531 3.329908
v 1.662079 1.062559 3.329908
v 1.323342 0.971795 3.329908
v 0.984605 1.062559 3.329908
v 0.736633 1.310531 3.329908
v 0.645868 1.649268 3.329908
v 0.736632 1.988005 3.329908
v 0.984605 2.235978 3.329908
v 1.662079 2.235978 3.439040
v 1.323342 2.326742 3.439040
v 1.910052 1.988005 3.439040
v 2.000816 1.649269 3.439040
v 1.910052 1.310531 3.439040
v 1.662079 1.062559 3.439040
v 1.323342 0.971795 3.439040
v 0.984605 1.062559 3.439040
v 0.736633 1.310531 3.439040
v 0.645868 1.649268 3.439040
v 0.736632 1.988005 3.439040
v 0.984605 2.235978 3.439040
v 1.512594 1.977063 3.439040
v 1.323342 2.027773 3.439040
v 1.651137 1.838521 3.439040
v 1.701847 1.649269 3.439040
v 1.651137 1.460016 3.439040
v 1.512594 1.321474 3.439040
v 1.323342 1.270764 3.439040
v 1.134090 1.321474 3.439040
v 0.995547 1.460016 3.439040
v 0.944837 1.649268 3.439040
v 0.995547 1.838521 3.439040
v 1.134089 1.977063 3.439040
v 1.512594 1.977063 3.330827
v 1.323342 2.027773 3.330827
v 1.651137 1.838521 3.330827
v 1.701847 1.649269 3.330827
v 1.651137 1.460016 3.330827
v 1.512594 1.321474 3.330827
v 1.323342 1.270764 3.330827
v 1.134090 1.321474 3.330827
v 0.995547 1.460016 3.330827
v 0.944837 1.649268 3.330827
v 0.995547 1.838521 3.330827
v 1.134089 1.977063 3.330827
v -1.194506 2.436096 4.398934
v -0.801092 2.330681 4.398934
v -0.513093 2.042682 4.398934
v -0.407678 1.649269 4.398934
v -0.513093 1.255855 4.398934
v -0.801092 0.967856 4.398934
v -1.194506 0.862441 4.398934
v -1.587919 0.967856 4.398934
v -1.875918 1.255854 4.398934
v -1.981333 1.649268 4.398934
v -1.875919 2.042682 4.398934
v -1.587920 2.330681 4.398934
v -0.855769 2.235978 4.398934
v -1.194506 2.326742 4.398934
v -0.607796 1.988005 4.398934
v -0.517032 1.649269 4.398934
v -0.607796 1.310531 4.398934
v -0.855769 1.062559 4.398934
v -1.194506 0.971795 4.398934
v -1.533242 1.062559 4.398934
v -1.781215 1.310531 4.398934
v -1.871980 1.649268 4.398934
v -1.781216 1.988005 4.398934
v -1.533243 2.235978 4.398934
v -0.855769 2.235978 4.289802
v -1.194506 2.326742 4.289802
v -0.607796 1.988005 4.289802
v -0.517032 1.649269 4.289802
v -0.607796 1.310531 4.289802
v -0.855769 1.062559 4.289802
v -1.194506 0.971795 4.289802
v -1.533242 1.062559 4.289802
v -1.781215 1.310531 4.289802
v -1.871980 1.649268 4.289802
v -1.781216 1.988005 4.289802
v -1.533243 2.235978 4.289802
v -1.005254 1.977063 4.289802
v -1.194506 2.027773 4.289802
v -0.866711 1.838521 4.289802
v -0.816001 1.649269 4.289802
v -0.866711 1.460016 4.289802
v -1.005254 1.321474 4.289802
v -1.194506 1.270764 4.289802
v -1.383758 1.321474 4.289802
v -1.522301 1.460016 4.289802
v -1.573010 1.649268 4.289802
v -1.522301 1.838521 4.289802
v -1.383758 1.977063 4.289802
v -1.005254 1.977063 4.398015
v -1.194506 2.027773 4.398015
v -0.866711 1.838521 4.398015
v -0.816001 1.649269 4.398015
v -0.866711 1.460016 4.398015
v -1.005254 1.321474 4.398015
v -1.194506 1.270764 4.398015
v -1.383758 1.321474 4.398015
v -1.522301 1.460016 4.398015
v -1.573010 1.649268 4.398015
v -1.522301 1.838521 4.398015
v -1.383758 1.977063 4.398015
v -1.194506 2.436096 3.329908
v -0.801092 2.330681 3.329908
v -0.513093 2.042682 3.329908
v -0.407678 1.649269 3.329908
v -0.513093 1.255855 3.329908
v -0.801092 0.967856 3.329908
v -1.194506 0.862441 3.329908
v -1.587919 0.967856 3.329908
v -1.875918 1.255854 3.329908
v -1.981333 1.649268 3.329908
v -1.875919 2.042682 3.329908
v -1.587920 2.330681 3.329908
v -0.855769 2.235978 3.329908
v -1.194506 2.326742 3.329908
v -0.607796 1.988005 3.329908
v -0.517032 1.649269 3.329908
v -0.607796 1.310531 3.329908
v -0.855769 1.062559 3.329908
v -1.194506 0.971795 3.329908
v -1.533242 1.062559 3.329908
v -1.781215 1.310531 3.329908
v -1.871980 1.649268 3.329908
v -1.781216 1.988005 3.329908
v -1.533243 2.235978 3.329908
v -0.855769 2.235978 3.439040
v -1.194506 2.326742 3.439040
v -0.607796 1.988005 3.439040
v -0.517032 1.649269 3.439040
v -0.607796 1.310531 3.439040
v -0.855769 1.062559 3.439040
v -1.194506 0.971795 3.439040
v -1.533242 1.062559 3.439040
v -1.781215 1.310531 3.439040
v -1.871980 1.649268 3.439040
v -1.781216 1.988005 3.439040
v -1.533243 2.235978 3.439040
v -1.005254 1.977063 3.439040
v -1.194506 2.027773 3.439040
v -0.866711 1.838521 3.439040
v -0.816001 1.649269 3.439040
v -0.866711 1.460016 3.439040
v -1.005254 1.321474 3.439040
v -1.194506 1.270764 3.439040
v -1.383758 1.321474 3.439040
v -1.522301 1.460016 3.439040
v -1.573010 1.649268 3.439040
v -1.522301 1.838521 3.439040
v -1.383758 1.977063 3.439040
v -1.005254 1.977063 3.330827
v -1.194506 2.027773 3.330827
v -0.866711 1.838521 3.330827
v -0.816001 1.649269 3.330827
v -0.866711 1.460016 3.330827
v -1.005254 1.321474 3.330827
v -1.194506 1.270764 3.330827
v -1.383758 1.321474 3.330827
v -1.522301 1.460016 3.330827
v -1.573010 1.649268 3.330827
v -1.522301 1.838521 3.330827
v -1.383758 1.977063 3.330827
v -3.712354 2.436096 4.398934
v -3.318940 2.330681 4.398934
v -3.030941 2.042682 4.398934
v -2.925526 1.649269 4.398934
v -3.030941 1.255855 4.398934
v -3.318940 0.967856 4.398934
v -3.712354 0.862441 4.398934
v -4.105767 0.967856 4.398934
v -4.393766 1.255854 4.398934
v -4.499181 1.649268 4.398934
v -4.393766 2.042682 4.398934
v -4.105768 2.330681 4.398934
v -3.373617 2.235978 4.398934
v -3.712354 2.326742 4.398934
v -3.125644 1.988005 4.398934
v -3.034880 1.649269 4.398934
v -3.125644 1.310531 4.398934
v -3.373617 1.062559 4.398934
v -3.712354 0.971795 4.398934
v -4.051090 1.062559 4.398934
v -4.299063 1.310531 4.398934
v -4.389827 1.649268 4.398934
v -4.299064 1.988005 4.398934
v -4.051091 2.235978 4.398934
v -3.373617 2.235978 4.289802
v -3.712354 2.326742 4.289802
v -3.125644 1.988005 4.289802
v -3.034880 1.649269 4.289802
v -3.125644 1.310531 4.289802
v -3.373617 1.062559 4.289802
v -3.712354 0.971795 4.289802
v -4.051090 1.062559 4.289802
v -4.299063 1.310531 4.289802
v -4.389827 1.649268 4.289802
v -4.299064 1.988005 4.289802
v -4.051091 2.235978 4.289802
v -3.523101 1.977063 4.289802
v -3.712354 2.027773 4.289802
v -3.384559 1.838521 4.289802
v -3.333849 1.649269 4.289802
v -3.384559 1.460016 4.289802
v -3.523101 1.321474 4.289802
v -3.712354 1.270764 4.289802
v -3.901606 1.321474 4.289802
v -4.040149 1.460016 4.289802
v -4.090858 1.649268 4.289802
v -4.040149 1.838521 4.289802
v -3.901606 1.977063 4.289802
v -3.523101 1.977063 4.398015
v -3.712354 2.027773 4.398015
v -3.384559 1.838521 4.398015
v -3.333849 1.649269 4.398015
v -3.384559 1.460016 4.398015
v -3.523101 1.321474 4.398015
v -3.712354 1.270764 4.398015
v -3.901606 1.321474 4.398015
v -4.040149 1.460016 4.398015
v -4.090858 1.649268 4.398015
v -4.040149 1.838521 4.398015
v -3.901606 1.977063 4.398015
v -3.712354 2.436096 3.329908
v -3.318940 2.330681 3.329908
v -3.030941 2.042682 3.329908
v -2.925526 1.649269 3.329908
v -3.030941 1.255855 3.329908
v -3.318940 0.967856 3.329908
v -3.712354 0.862441 3.329908
v -4.105767 0.967856 3.329908
v -4.393766 1.255854 3.329908
v -4.499181 1.649268 3.329908
v -4.393766 2.042682 3.329908
v -4.105768 2.330681 3.329908
v -3.373617 2.235978 3.329908
v -3.712354 2.326742 3.329908
v -3.125644 1.988005 3.329908
v -3.034880 1.649269 3.329908
v -3.125644 1.310531 3.329908
v -3.373617 1.062559 3.329908
v -3.712354 0.971795 3.329908
v -4.051090 1.062559 3.329908
v -4.299063 1.310531 3.329908
v -4.389827 1.649268 3.329908
v -4.299064 1.988005 3.329908
v -4.051091 2.235978 3.329908
v -3.373617 2.235978 3.439040
v -3.712354 2.326742 3.439040
v -3.125644 1.988005 3.439040
v -3.034880 1.649269 3.439040
v -3.125644 1.310531 3.439040
v -3.373617 1.062559 3.439040
v -3.712354 0.971795 3.439040
v -4.051090 1.062559 3.439040
v -4.299063 1.310531 3.439040
v -4.389827 1.649268 3.439040
v -4.299064 1.988005 3.439040
v -4.051091 2.235978 3.439040
v -3.523101 1.977063 3.439040
v -3.712354 2.027773 3.439040
v -3.384559 1.838521 3.439040
v -3.333849 1.649269 3.439040
v -3.384559 1.460016 3.439040
v -3.523101 1.321474 3.439040
v -3.712354 1.270764 3.439040
v -3.901606 1.321474 3.439040
v -4.040149 1.460016 3.439040
v -4.090858 1.649268 3.439040
v -4.040149 1.838521 3.439040
v -3.901606 1.977063 3.439040
v -3.523101 1.977063 3.330827
v -3.712354 2.027773 3.330827
v -3.384559 1.838521 3.330827
v -3.333849 1.649269 3.330827
v -3.384559 1.460016 3.330827
v -3.523101 1.321474 3.330827
v -3.712354 1.270764 3.330827
v -3.901606 1.321474 3.330827
v -4.040149 1.460016 3.330827
v -4.090858 1.649268 3.330827
v -4.040149 1.838521 3.330827
v -3.901606 1.977063 3.330827
v 5.833224 2.308557 4.384418
v 6.226639 2.203142 4.384418
v 6.514637 1.915143 4.384418
v 6.620052 1.521729 4.384418
v 6.514637 1.128315 4.384418
v 6.226639 0.840317 4.384418
v 5.833224 0.734902 4.384418
v 5.439811 0.840316 4.384418
v 5.151813 1.128315 4.384418
v 5.046397 1.521729 4.384418
v 5.151812 1.915143 4.384418
v 5.439810 2.203141 4.384418
v 6.171961 2.108438 4.384418
v 5.833224 2.199203 4.384418
v 6.419934 1.860466 4.384418
v 6.510698 1.521729 4.384418
v 6.419934 1.182992 4.384418
v 6.171961 0.935020 4.384418
v 5.833224 0.844255 4.384418
v 5.494488 0.935020 4.384418
v 5.246515 1.182992 4.384418
v 5.155751 1.521729 4.384418
v 5.246514 1.860466 4.384418
v 5.494487 2.108438 4.384418
v 6.171961 2.108438 4.275286
v 5.833224 2.199203 4.275286
v 6.419934 1.860466 4.275286
v 6.510698 1.521729 4.275286
v 6.419934 1.182992 4.275286
v 6.171961 0.935020 4.275286
v 5.833224 0.844255 4.275286
v 5.494488 0.935020 4.275286
v 5.246515 1.182992 4.275286
v 5.155751 1.521729 4.275286
v 5.246514 1.860466 4.275286
v 5.494487 2.108438 4.275286
v 6.022477 1.849524 4.275286
v 5.833224 1.900234 4.275286
v 6.161019 1.710982 4.275286
v 6.211730 1.521729 4.275286
v 6.161019 1.332477 4.275286
v 6.022477 1.193935 4.275286
v 5.833224 1.143225 4.275286
v 5.643972 1.193935 4.275286
v 5.505430 1.332477 4.275286
v 5.454720 1.521729 4.275286
v 5.505430 1.710981 4.275286
v 5.643972 1.849524 4.275286
v 6.022477 1.849524 4.383500
v 5.833224 1.900234 4.383500
v 6.161019 1.710982 4.383500
v 6.211730 1.521729 4.383500
v 6.161019 1.332477 4.383500
v 6.022477 1.193935 4.383500
v 5.833224 1.143225 4.383500
v 5.643972 1.193935 4.383500
v 5.505430 1.332477 4.383500
v 5.454720 1.521729 4.383500
v 5.505430 1.710981 4.383500
v 5.643972 1.849524 4.383500
v 5.833224 2.308557 3.087979
v 6.226639 2.203142 3.087979
v 6.514637 1.915143 3.087979
v 6.620052 1.521729 3.087979
v 6.514637 1.128315 3.087979
v 6.226639 0.840317 3.087979
v 5.833224 0.734902 3.087979
v 5.439811 0.840317 3.087979
v 5.151813 1.128315 3.087979
v 5.046397 1.521729 3.087979
v 5.151812 1.915143 3.087979
v 5.439810 2.203142 3.087979
v 6.171961 2.108439 3.087979
v 5.833224 2.199203 3.087979
v 6.419934 1.860466 3.087979
v 6.510698 1.521729 3.087979
v 6.419934 1.182992 3.087979
v 6.171961 0.935020 3.087979
v 5.833224 0.844255 3.087979
v 5.494488 0.935020 3.087979
v 5.246515 1.182992 3.087979
v 5.155751 1.521729 3.087979
v 5.246514 1.860466 3.087979
v 5.494487 2.108438 3.087979
v 6.171961 2.108439 3.197111
v 5.833224 2.199203 3.197111
v 6.419934 1.860466 3.197111
v 6.510698 1.521729 3.197111
v 6.419934 1.182992 3.197111
v 6.171961 0.935020 3.197111
v 5.833224 0.844255 3.197111
v 5.494488 0.935020 3.197111
v 5.246515 1.182992 3.197111
v 5.155751 1.521729 3.197111
v 5.246514 1.860466 3.197111
v 5.494487 2.108438 3.197111
v 6.022477 1.849524 3.197111
v 5.833224 1.900234 3.197111
v 6.161019 1.710982 3.197111
v 6.211730 1.521729 3.197111
v 6.161019 1.332477 3.197111
v 6.022477 1.193935 3.197111
v 5.833224 1.143225 3.197111
v 5.643972 1.193935 3.197111
v 5.505430 1.332477 3.197111
v 5.454720 1.521729 3.197111
v 5.505430 1.710981 3.197111
v 5.643972 1.849524 3.197111
v 6.022477 1.849524 3.088898
v 5.833224 1.900234 3.088898
v 6.161019 1.710982 3.088898
v 6.211730 1.521729 3.088898
v 6.161019 1.332477 3.088898
v 6.022477 1.193935 3.088898
v 5.833224 1.143225 3.088898
v 5.643972 1.193935 3.088898
v 5.505430 1.332477 3.088898
v 5.454720 1.521729 3.088898
v 5.505430 1.710981 3.088898
v 5.643972 1.849524 3.088898
v -5.882760 2.308557 4.384418
v -5.489347 2.203142 4.384418
v -5.201348 1.915143 4.384418
v -5.095933 1.521729 4.384418
v -5.201348 1.128315 4.384418
v -5.489347 0.840317 4.384418
v -5.882760 0.734902 4.384418
v -6.276174 0.840316 4.384418
v -6.564173 1.128315 4.384418
v -6.669588 1.521729 4.384418
v -6.564173 1.915143 4.384418
v -6.276175 2.203141 4.384418
v -5.544024 2.108438 4.384418
v -5.882760 2.199203 4.384418
v -5.296051 1.860466 4.384418
v -5.205287 1.521729 4.384418
v -5.296051 1.182992 4.384418
v -5.544023 0.935020 4.384418
v -5.882760 0.844255 4.384418
v -6.221497 0.935020 4.384418
v -6.469470 1.182992 4.384418
v -6.560234 1.521729 4.384418
v -6.469470 1.860466 4.384418
v -6.221498 2.108438 4.384418
v -5.544024 2.108438 4.275286
v -5.882760 2.199203 4.275286
v -5.296051 1.860466 4.275286
v -5.205287 1.521729 4.275286
v -5.296051 1.182992 4.275286
v -5.544023 0.935020 4.275286
v -5.882760 0.844255 4.275286
v -6.221497 0.935020 4.275286
v -6.469470 1.182992 4.275286
v -6.560234 1.521729 4.275286
v -6.469470 1.860466 4.275286
v -6.221498 2.108438 4.275286
v -5.693508 1.849524 4.275286
v -5.882760 1.900234 4.275286
v -5.554965 1.710982 4.275286
v -5.504256 1.521729 4.275286
v -5.554965 1.332477 4.275286
v -5.693508 1.193935 4.275286
v -5.882760 1.143225 4.275286
v -6.072012 1.193935 4.275286
v -6.210555 1.332477 4.275286
v -6.261265 1.521729 4.275286
v -6.210555 1.710981 4.275286
v -6.072012 1.849524 4.275286
v -5.693508 1.849524 4.383500
v -5.882760 1.900234 4.383500
v -5.554965 1.710982 4.383500
v -5.504256 1.521729 4.383500
v -5.554965 1.332477 4.383500
v -5.693508 1.193935 4.383500
v -5.882760 1.143225 4.383500
v -6.072012 1.193935 4.383500
v -6.210555 1.332477 4.383500
v -6.261265 1.521729 4.383500
v -6.210555 1.710981 4.383500
v -6.072012 1.849524 4.383500
v -5.882760 2.308557 3.087979
v -5.489347 2.203142 3.087979
v -5.201348 1.915143 3.087979
v -5.095933 1.521729 3.087979
v -5.201348 1.128315 3.087979
v -5.489347 0.840317 3.087979
v -5.882760 0.734902 3.087979
v -6.276174 0.840317 3.087979
v -6.564173 1.128315 3.087979
v -6.669588 1.521729 3.087979
v -6.564173 1.915143 3.087979
v -6.276175 2.203142 3.087979
v -5.544024 2.108439 3.087979
v -5.882760 2.199203 3.087979
v -5.296051 1.860466 3.087979
v -5.205287 1.521729 3.087979
v -5.296051 1.182992 3.087979
v -5.544023 0.935020 3.087979
v -5.882760 0.844255 3.087979
v -6.221497 0.935020 3.087979
v -6.469470 1.182992 3.087979
v -6.560234 1.521729 3.087979
v -6.469470 1.860466 3.087979
v -6.221498 2.108438 3.087979
v -5.544024 2.108439 3.197111
v -5.882760 2.199203 3.197111
v -5.296051 1.860466 3.197111
v -5.205287 1.521729 3.197111
v -5.296051 1.182992 3.197111
v -5.544023 0.935020 3.197111
v -5.882760 0.844255 3.197111
v -6.221497 0.935020 3.197111
v -6.469470 1.182992 3.197111
v -6.560234 1.521729 3.197111
v -6.469470 1.860466 3.197111
v -6.221498 2.108438 3.197111
v -5.693508 1.849524 3.197111
v -5.882760 1.900234 3.197111
v -5.554965 1.710982 3.197111
v -5.504256 1.521729 3.197111
v -5.554965 1.332477 3.197111
v -5.693508 1.193935 3.197111
v -5.882760 1.143225 3.197111
v -6.072012 1.193935 3.197111
v -6.210555 1.332477 3.197111
v -6.261265 1.521729 3.197111
v -6.210555 1.710981 3.197111
v -6.072012 1.849524 3.197111
v -5.693508 1.849524 3.088898
v -5.882760 1.900234 3.088898
v -5.554965 1.710982 3.088898
v -5.504256 1.521729 3.088898
v -5.554965 1.332477 3.088898
v -5.693508 1.193935 3.088898
v -5.882760 1.143225 3.088898
v -6.072012 1.193935 3.088898
v -6.210555 1.332477 3.088898
v -6.261265 1.521729 3.088898
v -6.210555 1.710981 3.088898
v -6.072012 1.849524 3.088898
v 3.841190 2.436096 -4.539106
v 4.234603 2.330681 -4.539106
v 4.522602 2.042682 -4.539106
v 4.628017 1.649269 -4.539106
v 4.522602 1.255855 -4.539106
v 4.234603 0.967856 -4.539106
v 3.841190 0.862441 -4.539106
v 3.447776 0.967856 -4.539106
v 3.159777 1.255854 -4.539106
v 3.054362 1.649268 -4.539106
v 3.159777 2.042682 -4.539106
v 3.447776 2.330681 -4.539106
v 4.179926 2.235978 -4.539106
v 3.841190 2.326742 -4.539106
v 4.427899 1.988005 -4.539106
v 4.518663 1.649269 -4.539106
v 4.427899 1.310531 -4.539106
v 4.179927 1.062559 -4.539106
v 3.841190 0.971795 -4.539106
v 3.502453 1.062559 -4.539106
v 3.254480 1.310531 -4.539106
v 3.163716 1.649268 -4.539106
v 3.254480 1.988005 -4.539106
v 3.502452 2.235978 -4.539106
v 4.179926 2.235978 -4.429974
v 3.841190 2.326742 -4.429974
v 4.427899 1.988005 -4.429974
v 4.518663 1.649269 -4.429974
v 4.427899 1.310531 -4.429974
v 4.179927 1.062559 -4.429974
v 3.841190 0.971795 -4.429974
v 3.502453 1.062559 -4.429974
v 3.254480 1.310531 -4.429974
v 3.163716 1.649268 -4.429974
v 3.254480 1.988005 -4.429974
v 3.502452 2.235978 -4.429974
v 4.030442 1.977063 -4.429974
v 3.841190 2.027773 -4.429974
v 4.168984 1.838521 -4.429974
v 4.219695 1.649269 -4.429974
v 4.168984 1.460016 -4.429974
v 4.030442 1.321474 -4.429974
v 3.841190 1.270764 -4.429974
v 3.651937 1.321474 -4.429974
v 3.513395 1.460016 -4.429974
v 3.462685 1.649268 -4.429974
v 3.513395 1.838521 -4.429974
v 3.651937 1.977063 -4.429974
v 4.030442 1.977063 -4.538187
v 3.841190 2.027773 -4.538187
v 4.168984 1.838521 -4.538187
v 4.219695 1.649269 -4.538187
v 4.168984 1.460016 -4.538187
v 4.030442 1.321474 -4.538187
v 3.841190 1.270764 -4.538187
v 3.651937 1.321474 -4.538187
v 3.513395 1.460016 -4.538187
v 3.462685 1.649268 -4.538187
v 3.513395 1.838521 -4.538187
v 3.651937 1.977063 -4.538187
v 3.841190 2.436096 -3.470080
v 4.234603 2.330681 -3.470080
v 4.522602 2.042682 -3.470080
v 4.628017 1.649269 -3.470080
v 4.522602 1.255855 -3.470080
v 4.234603 0.967856 -3.470080
v 3.841190 0.862441 -3.470080
v 3.447776 0.967856 -3.470080
v 3.159777 1.255854 -3.470080
v 3.054362 1.649268 -3.470080
v 3.159777 2.042682 -3.470080
v 3.447776 2.330681 -3.470080
v 4.179926 2.235978 -3.470080
v 3.841190 2.326742 -3.470080
v 4.427899 1.988005 -3.470080
v 4.518663 1.649269 -3.470080
v 4.427899 1.310531 -3.470080
v 4.179927 1.062559 -3.470080
v 3.841190 0.971795 -3.470080
v 3.502453 1.062559 -3.470080
v 3.254480 1.310531 -3.470080
v 3.163716 1.649268 -3.470080
v 3.254480 1.988005 -3.470080
v 3.502452 2.235978 -3.470080
v 4.179926 2.235978 -3.579212
v 3.841190 2.326742 -3.579212
v 4.427899 1.988005 -3.579212
v 4.518663 1.649269 -3.579212
v 4.427899 1.310531 -3.579212
v 4.179927 1.062559 -3.579212
v 3.841190 0.971795 -3.579212
v 3.502453 1.062559 -3.579212
v 3.254480 1.310531 -3.579212
v 3.163716 1.649268 -3.579212
v 3.254480 1.988005 -3.579212
v 3.502452 2.235978 -3.579212
v 4.030442 1.977063 -3.579212
v 3.841190 2.027773 -3.579212
v 4.168984 1.838521 -3.579212
v 4.219695 1.649269 -3.579212
v 4.168984 1.460016 -3.579212
v 4.030442 1.321474 -3.579212
v 3.841190 1.270764 -3.579212
v 3.651937 1.321474 -3.579212
v 3.513395 1.460016 -3.579212
v 3.462685 1.649268 -3.579212
v 3.513395 1.838521 -3.579212
v 3.651937 1.977063 -3.579212
v 4.030442 1.977063 -3.470999
v 3.841190 2.027773 -3.470999
v 4.168984 1.838521 -3.470999
v 4.219695 1.649269 -3.470999
v 4.168984 1.460016 -3.470999
v 4.030442 1.321474 -3.470999
v 3.841190 1.270764 -3.470999
v 3.651937 1.321474 -3.470999
v 3.513395 1.460016 -3.470999
v 3.462685 1.649268 -3.470999
v 3.513395 1.838521 -3.470999
v 3.651937 1.977063 -3.470999
v 1.323342 2.436096 -4.539106
v 1.716756 2.330681 -4.539106
v 2.004755 2.042682 -4.539106
v 2.110169 1.649269 -4.539106
v 2.004755 1.255855 -4.539106
v 1.716756 0.967856 -4.539106
v 1.323342 0.862441 -4.539106
v 0.929928 0.967856 -4.539106
v 0.641930 1.255854 -4.539106
v 0.536515 1.649268 -4.539106
v 0.641929 2.042682 -4.539106
v 0.929928 2.330681 -4.539106
v 1.662079 2.235978 -4.539106
v 1.323342 2.326742 -4.539106
v 1.910052 1.988005 -4.539106
v 2.000816 1.649269 -4.539106
v 1.910052 1.310531 -4.539106
v 1.662079 1.062559 -4.539106
v 1.323342 0.971795 -4.539106
v 0.984605 1.062559 -4.539106
v 0.736633 1.310531 -4.539106
v 0.645868 1.649268 -4.539106
v 0.736632 1.988005 -4.539106
v 0.984605 2.235978 -4.539106
v 1.662079 2.235978 -4.429974
v 1.323342 2.326742 -4.429974
v 1.910052 1.988005 -4.429974
v 2.000816 1.649269 -4.429974
v 1.910052 1.310531 -4.429974
v 1.662079 1.062559 -4.429974
v 1.323342 0.971795 -4.429974
v 0.984605 1.062559 -4.429974
v 0.736633 1.310531 -4.429974
v 0.645868 1.649268 -4.429974
v 0.736632 1.988005 -4.429974
v 0.984605 2.235978 -4.429974
v 1.512594 1.977063 -4.429974
v 1.323342 2.027773 -4.429974
v 1.651137 1.838521 -4.429974
v 1.701847 1.649269 -4.429974
v 1.651137 1.460016 -4.429974
v 1.512594 1.321474 -4.429974
v 1.323342 1.270764 -4.429974
v 1.134090 1.321474 -4.429974
v 0.995547 1.460016 -4.429974
v 0.944837 1.649268 -4.429974
v 0.995547 1.838521 -4.429974
v 1.134089 1.977063 -4.429974
v 1.512594 1.977063 -4.538187
v 1.323342 2.027773 -4.538187
v 1.651137 1.838521 -4.538187
v 1.701847 1.649269 -4.538187
v 1.651137 1.460016 -4.538187
v 1.512594 1.321474 -4.538187
v 1.323342 1.270764 -4.538187
v 1.134090 1.321474 -4.538187
v 0.995547 1.460016 -4.538187
v 0.944837 1.649268 -4.538187
v 0.995547 1.838521 -4.538187
v 1.134089 1.977063 -4.538187
v 1.323342 2.436096 -3.470080
v 1.716756 2.330681 -3.470080
v 2.004755 2.042682 -3.470080
v 2.110169 1.649269 -3.470080
v 2.004755 1.255855 -3.470080
v 1.716756 0.967856 -3.470080
v 1.323342 0.862441 -3.470080
v 0.929928 0.967856 -3.470080
v 0.641930 1.255854 -3.470080
v 0.536515 1.649268 -3.470080
v 0.641929 2.042682 -3.470080
v 0.929928 2.330681 -3.470080
v 1.662079 2.235978 -3.470080
v 1.323342 2.326742 -3.470080
v 1.910052 1.988005 -3.470080
v 2.000816 1.649269 -3.470080
v 1.910052 1.310531 -3.470080
v 1.662079 1.062559 -3.470080
v 1.323342 0.971795 -3.470080
v 0.984605 1.062559 -3.470080
v 0.736633 1.310531 -3.470080
v 0.645868 1.649268 -3.470080
v 0.736632 1.988005 -3.470080
v 0.984605 2.235978 -3.470080
v 1.662079 2.235978 -3.579212
v 1.323342 2.326742 -3.579212
v 1.910052 1.988005 -3.579212
v 2.000816 1.649269 -3.579212
v 1.910052 1.310531 -3.579212
v 1.662079 1.062559 -3.579212
v 1.323342 0.971795 -3.579212
v 0.984605 1.062559 -3.579212
v 0.736633 1.310531 -3.579212
v 0.645868 1.649268 -3.579212
v 0.736632 1.988005 -3.579212
v 0.984605 2.235978 -3.579212
v 1.512594 1.977063 -3.579212
v 1.323342 2.027773 -3.579212
v 1.651137 1.838521 -3.579212
v 1.701847 1.649269 -3.579212
v 1.651137 1.460016 -3.579212
v 1.512594 1.321474 -3.579212
v 1.323342 1.270764 -3.579212
v 1.134090 1.321474 -3.579212
v 0.995547 1.460016 -3.579212
v 0.944837 1.649268 -3.579212
v 0.995547 1.838521 -3.579212
v 1.134089 1.977063 -3.579212
v 1.512594 1.977063 -3.470999
v 1.323342 2.027773 -3.470999
v 1.651137 1.838521 -3.470999
v 1.701847 1.649269 -3.470999
v 1.651137 1.460016 -3.470999
v 1.512594 1.321474 -3.470999
v 1.323342 1.270764 -3.470999
v 1.134090 1.321474 -3.470999
v 0.995547 1.460016 -3.470999
v 0.944837 1.649268 -3.470999
v 0.995547 1.838521 -3.470999
v 1.134089 1.977063 -3.470999
v -1.194506 2.436096 -4.539106
v -0.801092 2.330681 -4.539106
v -0.513093 2.042682 -4.539106
v -0.407678 1.649269 -4.539106
v -0.513093 1.255855 -4.539106
v -0.801092 0.967856 -4.539106
v -1.194506 0.862441 -4.539106
v -1.587919 0.967856 -4.539106
v -1.875918 1.255854 -4.539106
v -1.981333 1.649268 -4.539106
v -1.875919 2.042682 -4.539106
v -1.587920 2.330681 -4.539106
v -0.855769 2.235978 -4.539106
v -1.194506 2.326742 -4.539106
v -0.607796 1.988005 -4.539106
v -0.517032 1.649269 -4.539106
v -0.607796 1.310531 -4.539106
v -0.855769 1.062559 -4.539106
v -1.194506 0.971795 -4.539106
v -1.533242 1.062559 -4.539106
v -1.781215 1.310531 -4.539106
v -1.871980 1.649268 -4.539106
v -1.781216 1.988005 -4.539106
v -1.533243 2.235978 -4.539106
v -0.855769 2.235978 -4.429974
v -1.194506 2.326742 -4.429974
v -0.607796 1.988005 -4.429974
v -0.517032 1.649269 -4.429974
v -0.607796 1.310531 -4.429974
v -0.855769 1.062559 -4.429974
v -1.194506 0.971795 -4.429974
v -1.533242 1.062559 -4.429974
v -1.781215 1.310531 -4.429974
v -1.871980 1.649268 -4.429974
v -1.781216 1.988005 -4.429974
v -1.533243 2.235978 -4.429974
v -1.005254 1.977063 -4.429974
v -1.194506 2.027773 -4.429974
v -0.866711 1.838521 -4.429974
v -0.816001 1.649269 -4.429974
v -0.866711 1.460016 -4.429974
v -1.005254 1.321474 -4.429974
v -1.194506 1.270764 -4.429974
v -1.383758 1.321474 -4.429974
v -1.522301 1.460016 -4.429974
v -1.573010 1.649268 -4.429974
v -1.522301 1.838521 -4.429974
v -1.383758 1.977063 -4.429974
v -1.005254 1.977063 -4.538187
v -1.194506 2.027773 -4.538187
v -0.866711 1.838521 -4.538187
v -0.816001 1.649269 -4.538187
v -0.866711 1.460016 -4.538187
v -1.005254 1.321474 -4.538187
v -1.194506 1.270764 -4.538187
v -1.383758 1.321474 -4.538187
v -1.522301 1.460016 -4.538187
v -1.573010 1.649268 -4.538187
v -1.522301 1.838521 -4.538187
v -1.383758 1.977063 -4.538187
v -1.194506 2.436096 -3.470080
v -0.801092 2.330681 -3.470080
v -0.513093 2.042682 -3.470080
v -0.407678 1.649269 -3.470080
v -0.513093 1.255855 -3.470080
v -0.801092 0.967856 -3.470080
v -1.194506 0.862441 -3.470080
v -1.587919 0.967856 -3.470080
v -1.875918 1.255854 -3.470080
v -1.981333 1.649268 -3.470080
v -1.875919 2.042682 -3.470080
v -1.587920 2.330681 -3.470080
v -0.855769 2.235978 -3.470080
v -1.194506 2.326742 -3.470080
v -0.607796 1.988005 -3.470080
v -0.517032 1.649269 -3.470080
v -0.607796 1.310531 -3.470080
v -0.855769 1.062559 -3.470080
v -1.194506 0.971795 -3.470080
v -1.533242 1.062559 -3.470080
v -1.781215 1.310531 -3.470080
v -1.871980 1.649268 -3.470080
v -1.781216 1.988005 -3.470080
v -1.533243 2.235978 -3.470080
v -0.855769 2.235978 -3.579212
v -1.194506 2.326742 -3.579212
v -0.607796 1.988005 -3.579212
v -0.517032 1.649269 -3.579212
v -0.607796 1.310531 -3.579212
v -0.855769 1.062559 -3.579212
v -1.194506 0.971795 -3.579212
v -1.533242 1.062559 -3.579212
v -1.781215 1.310531 -3.579212
v -1.871980 1.649268 -3.579212
v -1.781216 1.988005 -3.579212
v -1.533243 2.235978 -3.579212
v -1.005254 1.977063 -3.579212
v -1.194506 2.027773 -3.579212
v -0.866711 1.838521 -3.579212
v -0.816001 1.649269 -3.579212
v -0.866711 1.460016 -3.579212
v -1.005254 1.321474 -3.579212
v -1.194506 1.270764 -3.579212
v -1.383758 1.321474 -3.579212
v -1.522301 1.460016 -3.579212
v -1.573010 1.649268 -3.579212
v -1.522301 1.838521 -3.579212
v -1.383758 1.977063 -3.579212
v -1.005254 1.977063 -3.470999
v -1.194506 2.027773 -3.470999
v -0.866711 1.838521 -3.470999
v -0.816001 1.649269 -3.470999
v -0.866711 1.460016 -3.470999
v -1.005254 1.321474 -3.470999
v -1.194506 1.270764 -3.470999
v -1.383758 1.321474 -3.470999
v -1.522301 1.460016 -3.470999
v -1.573010 1.649268 -3.470999
v -1.522301 1.838521 -3.470999
v -1.383758 1.977063 -3.470999
v -3.712354 2.436096 -4.539106
v -3.318940 2.330681 -4.539106
v -3.030941 2.042682 -4.539106
v -2.925526 1.649269 -4.539106
v -3.030941 1.255855 -4.539106
v -3.318940 0.967856 -4.539106
v -3.712354 0.862441 -4.539106
v -4.105767 0.967856 -4.539106
v -4.393766 1.255854 -4.539106
v -4.499181 1.649268 -4.539106
v -4.393766 2.042682 -4.539106
v -4.105768 2.330681 -4.539106
v -3.373617 2.235978 -4.539106
v -3.712354 2.326742 -4.539106
v -3.125644 1.988005 -4.539106
v -3.034880 1.649269 -4.539106
v -3.125644 1.310531 -4.539106
v -3.373617 1.062559 -4.539106
v -3.712354 0.971795 -4.539106
v -4.051090 1.062559 -4.539106
v -4.299063 1.310531 -4.539106
v -4.389827 1.649268 -4.539106
v -4.299064 1.988005 -4.539106
v -4.051091 2.235978 -4.539106
v -3.373617 2.235978 -4.429974
v -3.712354 2.326742 -4.429974
v -3.125644 1.988005 -4.429974
v -3.034880 1.649269 -4.429974
v -3.125644 1.310531 -4.429974
v -3.373617 1.062559 -4.429974
v -3.712354 0.971795 -4.429974
v -4.051090 1.062559 -4.429974
v -4.299063 1.310531 -4.429974
v -4.389827 1.649268 -4.429974
v -4.299064 1.988005 -4.429974
v -4.051091 2.235978 -4.429974
v -3.523101 1.977063 -4.429974
v -3.712354 2.027773 -4.429974
v -3.384559 1.838521 -4.429974
v -3.333849 1.649269 -4.429974
v -3.384559 1.460016 -4.429974
v -3.523101 1.321474 -4.429974
v -3.712354 1.270764 -4.429974
v -3.901606 1.321474 -4.429974
v -4.040149 1.460016 -4.429974
v -4.090858 1.649268 -4.429974
v -4.040149 1.838521 -4.429974
v -3.901606 1.977063 -4.429974
v -3.523101 1.977063 -4.538187
v -3.712354 2.027773 -4.538187
v -3.384559 1.838521 -4.538187
v -3.333849 1.649269 -4.538187
v -3.384559 1.460016 -4.538187
v -3.523101 1.321474 -4.538187
v -3.712354 1.270764 -4.538187
v -3.901606 1.321474 -4.538187
v -4.040149 1.460016 -4.538187
v -4.090858 1.649268 -4.538187
v -4.040149 1.838521 -4.538187
v -3.901606 1.977063 -4.538187
v -3.712354 2.436096 -3.470080
v -3.318940 2.330681 -3.470080
v -3.030941 2.042682 -3.470080
v -2.925526 1.649269 -3.470080
v -3.030941 1.255855 -3.470080
v -3.318940 0.967856 -3.470080
v -3.712354 0.862441 -3.470080
v -4.105767 0.967856 -3.470080
v -4.393766 1.255854 -3.470080
v -4.499181 1.649268 -3.470080
v -4.393766 2.042682 -3.470080
v -4.105768 2.330681 -3.470080
v -3.373617 2.235978 -3.470080
v -3.712354 2.326742 -3.470080
v -3.125644 1.988005 -3.470080
v -3.034880 1.649269 -3.470080
v -3.125644 1.310531 -3.470080
v -3.373617 1.062559 -3.470080
v -3.712354 0.971795 -3.470080
v -4.051090 1.062559 -3.470080
v -4.299063 1.310531 -3.470080
v -4.389827 1.649268 -3.470080
v -4.299064 1.988005 -3.470080
v -4.051091 2.235978 -3.470080
v -3.373617 2.235978 -3.579212
v -3.712354 2.326742 -3.579212
v -3.125644 1.988005 -3.579212
v -3.034880 1.649269 -3.579212
v -3.125644 1.310531 -3.579212
v -3.373617 1.062559 -3.579212
v -3.712354 0.971795 -3.579212
v -4.051090 1.062559 -3.579212
v -4.299063 1.310531 -3.579212
v -4.389827 1.649268 -3.579212
v -4.299064 1.988005 -3.579212
v -4.051091 2.235978 -3.579212
v -3.523101 1.977063 -3.579212
v -3.712354 2.027773 -3.579212
v -3.384559 1.838521 -3.579212
v -3.333849 1.649269 -3.579212
v -3.384559 1.460016 -3.579212
v -3.523101 1.321474 -3.579212
v -3.712354 1.270764 -3.579212
v -3.901606 1.321474 -3.579212
v -4.040149 1.460016 -3.579212
v -4.090858 1.649268 -3.579212
v -4.040149 1.838521 -3.579212
v -3.901606 1.977063 -3.579212
v -3.523101 1.977063 -3.470999
v -3.712354 2.027773 -3.470999
v -3.384559 1.838521 -3.470999
v -3.333849 1.649269 -3.470999
v -3.384559 1.460016 -3.470999
v -3.523101 1.321474 -3.470999
v -3.712354 1.270764 -3.470999
v -3.901606 1.321474 -3.470999
v -4.040149 1.460016 -3.470999
v -4.090858 1.649268 -3.470999
v -4.040149 1.838521 -3.470999
v -3.901606 1.977063 -3.470999
v 5.833224 2.308557 -4.524590
v 6.226639 2.203142 -4.524590
v 6.514637 1.915143 -4.524590
v 6.620052 1.521729 -4.524590
v 6.514637 1.128315 -4.524590
v 6.226639 0.840317 -4.524590
v 5.833224 0.734902 -4.524590
v 5.439811 0.840316 -4.524590
v 5.151813 1.128315 -4.524590
v 5.046397 1.521729 -4.524590
v 5.151812 1.915143 -4.524590
v 5.439810 2.203141 -4.524590
v 6.171961 2.108438 -4.524590
v 5.833224 2.199203 -4.524590
v 6.419934 1.860466 -4.524590
v 6.510698 1.521729 -4.524590
v 6.419934 1.182992 -4.524590
v 6.171961 0.935020 -4.524590
v 5.833224 0.844255 -4.524590
v 5.494488 0.935020 -4.524590
v 5.246515 1.182992 -4.524590
v 5.155751 1.521729 -4.524590
v 5.246514 1.860466 -4.524590
v 5.494487 2.108438 -4.524590
v 6.171961 2.108438 -4.415459
v 5.833224 2.199203 -4.415459
v 6.419934 1.860466 -4.415459
v 6.510698 1.521729 -4.415459
v 6.419934 1.182992 -4.415459
v 6.171961 0.935020 -4.415459
v 5.833224 0.844255 -4.415459
v 5.494488 0.935020 -4.415459
v 5.246515 1.182992 -4.415459
v 5.155751 1.521729 -4.415459
v 5.246514 1.860466 -4.415459
v 5.494487 2.108438 -4.415459
v 6.022477 1.849524 -4.415459
v 5.833224 1.900234 -4.415459
v 6.161019 1.710982 -4.415459
v 6.211730 1.521729 -4.415459
v 6.161019 1.332477 -4.415459
v 6.022477 1.193935 -4.415459
v 5.833224 1.143225 -4.415459
v 5.643972 1.193935 -4.415459
v 5.505430 1.332477 -4.415459
v 5.454720 1.521729 -4.415459
v 5.505430 1.710981 -4.415459
v 5.643972 1.849524 -4.415459
v 6.022477 1.849524 -4.523672
v 5.833224 1.900234 -4.523672
v 6.161019 1.710982 -4.523672
v 6.211730 1.521729 -4.523672
v 6.161019 1.332477 -4.523672
v 6.022477 1.193935 -4.523672
v 5.833224 1.143225 -4.523672
v 5.643972 1.193935 -4.523672
v 5.505430 1.332477 -4.523672
v 5.454720 1.521729 -4.523672
v 5.505430 1.710981 -4.523672
v 5.643972 1.849524 -4.523672
v 5.833224 2.308557 -3.228152
v 6.226639 2.203142 -3.228152
v 6.514637 1.915143 -3.228152
v 6.620052 1.521729 -3.228152
v 6.514637 1.128315 -3.228152
v 6.226639 0.840317 -3.228152
v 5.833224 0.734902 -3.228152
v 5.439811 0.840317 -3.228152
v 5.151813 1.128315 -3.228152
v 5.046397 1.521729 -3.228152
v 5.151812 1.915143 -3.228152
v 5.439810 2.203142 -3.228152
v 6.171961 2.108439 -3.228152
v 5.833224 2.199203 -3.228152
v 6.419934 1.860466 -3.228152
v 6.510698 1.521729 -3.228152
v 6.419934 1.182992 -3.228152
v 6.171961 0.935020 -3.228152
v 5.833224 0.844255 -3.228152
v 5.494488 0.935020 -3.228152
v 5.246515 1.182992 -3.228152
v 5.155751 1.521729 -3.228152
v 5.246514 1.860466 -3.228152
v 5.494487 2.108438 -3.228152
v 6.171961 2.108439 -3.337284
v 5.833224 2.199203 -3.337284
v 6.419934 1.860466 -3.337284
v 6.510698 1.521729 -3.337284
v 6.419934 1.182992 -3.337284
v 6.171961 0.935020 -3.337284
v 5.833224 0.844255 -3.337284
v 5.494488 0.935020 -3.337284
v 5.246515 1.182992 -3.337284
v 5.155751 1.521729 -3.337284
v 5.246514 1.860466 -3.337284
v 5.494487 2.108438 -3.337284
v 6.022477 1.849524 -3.337284
v 5.833224 1.900234 -3.337284
v 6.161019 1.710982 -3.337284
v 6.211730 1.521729 -3.337284
v 6.161019 1.332477 -3.337284
v 6.022477 1.193935 -3.337284
v 5.833224 1.143225 -3.337284
v 5.643972 1.193935 -3.337284
v 5.505430 1.332477 -3.337284
v 5.454720 1.521729 -3.337284
v 5.505430 1.710981 -3.337284
v 5.643972 1.849524 -3.337284
v 6.022477 1.849524 -3.229071
v 5.833224 1.900234 -3.229071
v 6.161019 1.710982 -3.229071
v 6.211730 1.521729 -3.229071
v 6.161019 1.332477 -3.229071
v 6.022477 1.193935 -3.229071
v 5.833224 1.143225 -3.229071
v 5.643972 1.193935 -3.229071
v 5.505430 1.332477 -3.229071
v 5.454720 1.521729 -3.229071
v 5.505430 1.710981 -3.229071
v 5.643972 1.849524 -3.229071
v -5.882760 2.308557 -4.524590
v -5.489347 2.203142 -4.524590
v -5.201348 1.915143 -4.524590
v -5.095933 1.521729 -4.524590
v -5.201348 1.128315 -4.524590
v -5.489347 0.840317 -4.524590
v -5.882760 0.734902 -4.524590
v -6.276174 0.840316 -4.524590
v -6.564173 1.128315 -4.524590
v -6.669588 1.521729 -4.524590
v -6.564173 1.915143 -4.524590
v -6.276175 2.203141 -4.524590
v -5.544024 2.108438 -4.524590
v -5.882760 2.199203 -4.524590
v -5.296051 1.860466 -4.524590
v -5.205287 1.521729 -4.524590
v -5.296051 1.182992 -4.524590
v -5.544023 0.935020 -4.524590
v -5.882760 0.844255 -4.524590
v -6.221497 0.935020 -4.524590
v -6.469470 1.182992 -4.524590
v -6.560234 1.521729 -4.524590
v -6.469470 1.860466 -4.524590
v -6.221498 2.108438 -4.524590
v -5.544024 2.108438 -4.415459
v -5.882760 2.199203 -4.415459
v -5.296051 1.860466 -4.415459
v -5.205287 1.521729 -4.415459
v -5.296051 1.182992 -4.415459
v -5.544023 0.935020 -4.415459
v -5.882760 0.844255 -4.415459
v -6.221497 0.935020 -4.415459
v -6.469470 1.182992 -4.415459
v -6.560234 1.521729 -4.415459
v -6.469470 1.860466 -4.415459
v -6.221498 2.108438 -4.415459
v -5.693508 1.849524 -4.415459
v -5.882760 1.900234 -4.415459
v -5.554965 1.710982 -4.415459
v -5.504256 1.521729 -4.415459
v -5.554965 1.332477 -4.415459
v -5.693508 1.193935 -4.415459
v -5.882760 1.143225 -4.415459
v -6.072012 1.193935 -4.415459
v -6.210555 1.332477 -4.415459
v -6.261265 1.521729 -4.415459
v -6.210555 1.710981 -4.415459
v -6.072012 1.849524 -4.415459
v -5.693508 1.849524 -4.523672
v -5.882760 1.900234 -4.523672
v -5.554965 1.710982 -4.523672
v -5.504256 1.521729 -4.523672
v -5.554965 1.332477 -4.523672
v -5.693508 1.193935 -4.523672
v -5.882760 1.143225 -4.523672
v -6.072012 1.193935 -4.523672
v -6.210555 1.332477 -4.523672
v -6.261265 1.521729 -4.523672
v -6.210555 1.710981 -4.523672
v -6.072012 1.849524 -4.523672
v -5.882760 2.308557 -3.228152
v -5.489347 2.203142 -3.228152
v -5.201348 1.915143 -3.228152
v -5.095933 1.521729 -3.228152
v -5.201348 1.128315 -3.228152
v -5.489347 0.840317 -3.228152
v -5.882760 0.734902 -3.228152
v -6.276174 0.840317 -3.228152
v -6.564173 1.128315 -3.228152
v -6.669588 1.521729 -3.228152
v -6.564173 1.915143 -3.228152
v -6.276175 2.203142 -3.228152
v -5.544024 2.108439 -3.228152
v -5.882760 2.199203 -3.228152
v -5.296051 1.860466 -3.228152
v -5.205287 1.521729 -3.228152
v -5.296051 1.182992 -3.228152
v -5.544023 0.935020 -3.228152
v -5.882760 0.844255 -3.228152
v -6.221497 0.935020 -3.228152
v -6.469470 1.182992 -3.228152
v -6.560234 1.521729 -3.228152
v -6.469470 1.860466 -3.228152
v -6.221498 2.108438 -3.228152
v -5.544024 2.108439 -3.337284
v -5.882760 2.199203 -3.337284
v -5.296051 1.860466 -3.337284
v -5.205287 1.521729 -3.337284
v -5.296051 1.182992 -3.337284
v -5.544023 0.935020 -3.337284
v -5.882760 0.844255 -3.337284
v -6.221497 0.935020 -3.337284
v -6.469470 1.182992 -3.337284
v -6.560234 1.521729 -3.337284
v -6.469470 1.860466 -3.337284
v -6.221498 2.108438 -3.337284
v -5.693508 1.849524 -3.337284
v -5.882760 1.900234 -3.337284
v -5.554965 1.710982 -3.337284
v -5.504256 1.521729 -3.337284
v -5.554965 1.332477 -3.337284
v -5.693508 1.193935 -3.337284
v -5.882760 1.143225 -3.337284
v -6.072012 1.193935 -3.337284
v -6.210555 1.332477 -3.337284
v -6.261265 1.521729 -3.337284
v -6.210555 1.710981 -3.337284
v -6.072012 1.849524 -3.337284
v -5.693508 1.849524 -3.229071
v -5.882760 1.900234 -3.229071
v -5.554965 1.710982 -3.229071
v -5.504256 1.521729 -3.229071
v -5.554965 1.332477 -3.229071
v -5.693508 1.193935 -3.229071
v -5.882760 1.143225 -3.229071
v -6.072012 1.193935 -3.229071
v -6.210555 1.332477 -3.229071
v -6.261265 1.521729 -3.229071
v -6.210555 1.710981 -3.229071
v -6.072012 1.849524 -3.229071
v 3.076333 4.351715 1.268985
v 3.261802 4.351715 1.268985
v 3.076333 4.351715 1.469320
v 3.261802 4.351715 1.469320
v 3.261802 5.150876 1.268985
v 3.076333 5.150876 1.268985
v 3.261802 5.150876 1.469320
v 3.076333 5.150876 1.469320
v 3.235491 5.206426 1.297378
v 3.102644 5.206426 1.297378
v 3.235491 5.206426 1.440926
v 3.102644 5.206426 1.440926
v 3.230745 5.409088 1.302577
v 3.107390 5.409088 1.302577
v 3.230745 5.409088 1.435728
v 3.107390 5.409088 1.435728
v 3.187631 5.469750 1.349183
v 3.150505 5.469750 1.349183
v 3.187631 5.469750 1.389122
v 3.150505 5.469750 1.389122
v 3.180416 7.480149 1.357086
v 3.157719 7.480149 1.357086
v 3.180416 7.480149 1.381218
v 3.157719 7.480149 1.381218
vn -0.0000 -0.0000 -1.0000
vn -0.0000 -0.0000 1.0000
vn 0.8978 -0.4404 -0.0000
vn -0.1727 0.9850 -0.0000
vn 0.2129 0.9771 -0.0000
vn -0.5109 0.8597 -0.0000
vn 0.5940 0.8045 -0.0000
vn -0.8539 0.5204 -0.0000
vn 0.8978 0.4404 -0.0000
vn -0.1727 -0.9850 -0.0000
vn -0.0000 -1.0000 -0.0000
vn -0.5109 -0.8597 -0.0000
vn -1.0000 -0.0000 -0.0000
vn -0.2129 -0.9771 -0.0000
vn -0.8539 -0.5204 -0.0000
vn 1.0000 -0.0000 -0.0000
vn -0.5940 -0.8045 -0.0000
vn -0.0000 1.0000 -0.0000
vn -0.8978 -0.4404 -0.0000
vn 0.1727 0.9850 -0.0000
vn -0.2129 0.9771 -0.0000
vn 0.5109 0.8597 -0.0000
vn -0.5940 0.8045 -0.0000
vn 0.8539 0.5204 -0.0000
vn -0.8978 0.4404 -0.0000
vn 0.1727 -0.9850 -0.0000
vn 0.2129 -0.9771 -0.0000
vn 0.5109 -0.8597 -0.0000
vn 0.5940 -0.8045 -0.0000
vn 0.8539 -0.5204 -0.0000
vn -0.1801 0.9836 -0.0000
vn -0.5273 0.8497 -0.0000
vn -0.8637 0.5041 -0.0000
vn -0.1801 -0.9836 -0.0000
vn -0.5273 -0.8497 -0.0000
vn -0.8637 -0.5041 -0.0000
vn 0.1801 0.9836 -0.0000
vn 0.5273 0.8497 -0.0000
vn 0.8637 0.5041 -0.0000
vn 0.1801 -0.9836 -0.0000
vn 0.5273 -0.8497 -0.0000
vn 0.8637 -0.5041 -0.0000
vn 0.8849 0.4657 -0.0000
vn -0.6234 0.7819 -0.0000
vn -0.9126 -0.4088 -0.0000
vn -0.0000 0.3020 0.9533
vn -0.0000 0.5792 0.8152
vn 0.7362 0.6768 -0.0000
vn -0.7362 0.6768 -0.0000
vn 0.9336 0.3582 -0.0000
vn 0.0248 -0.9981 0.0569
vn -0.9336 0.3582 -0.0000
vn 0.0496 -0.9988 -0.0000
vn -0.0000 -0.9936 0.1133
vn -0.0399 -0.9976 0.0569
vn 0.1558 -0.9878 -0.0000
vn -0.1579 0.9875 -0.0000
vn -0.8586 -0.5127 -0.0000
vn -0.3204 0.9473 -0.0000
vn 0.3146 -0.9492 -0.0000
vn 0.3062 0.9520 -0.0000
vn 0.1129 0.9936 -0.0000
vn -0.1142 -0.9935 -0.0000
vn 0.9368 -0.3499 -0.0000
vn -0.3082 -0.9513 -0.0000
vn -0.8256 -0.5643 -0.0000
vn 0.8256 -0.5643 -0.0000
vn -0.0000 -0.6468 0.7626
vn -0.0797 -0.9968 -0.0000
vn 0.2000 0.9798 -0.0000
vn 0.4916 -0.8708 -0.0000
vn -0.5886 0.7383 0.3294
vn 0.6340 0.7733 -0.0000
vn -0.8952 -0.4457 -0.0000
vn -0.0000 0.9963 0.0859
vn -0.0000 0.7386 0.6742
vn -0.9406 0.3396 -0.0000
vn 0.5654 0.8248 -0.0000
vn -0.9518 -0.3066 -0.0000
vn -0.3066 0.9518 -0.0000
vn 0.3066 -0.9518 -0.0000
vn 0.9518 0.3066 -0.0000
vn -0.8794 0.4761 -0.0000
vn 0.6821 0.7313 -0.0000
vn -0.9869 -0.1613 -0.0000
vn -0.1613 0.9869 -0.0000
vn 0.1613 -0.9869 -0.0000
vn 0.9869 0.1613 -0.0000
vn -0.7911 0.6117 -0.0000
vn 0.7911 0.6117 -0.0000
vn -0.7142 0.6999 -0.0000
vn 0.8571 0.5151 -0.0000
vn -0.9932 0.1168 -0.0000
vn 0.1168 0.9932 -0.0000
vn -0.1168 -0.9932 -0.0000
vn 0.9932 -0.1168 -0.0000
vn -0.5346 0.8451 -0.0000
vn 0.9524 0.3048 -0.0000
vn -0.9399 0.3415 -0.0000
vn 0.3415 0.9399 -0.0000
vn -0.3415 -0.9399 -0.0000
vn 0.9399 -0.3415 -0.0000
vn -0.8740 0.4860 -0.0000
vn -0.1925 -0.9813 -0.0000
vn 0.9637 0.2669 -0.0000
vn -0.9637 -0.2669 -0.0000
vn -0.0000 0.3020 -0.9533
vn -0.0000 0.5792 -0.8152
vn 0.0248 -0.9981 -0.0569
vn -0.0000 -0.9936 -0.1133
vn -0.0399 -0.9976 -0.0569
vn -0.0000 -0.6468 -0.7626
vn -0.5886 0.7383 -0.3294
vn -0.0000 0.9963 -0.0859
vn -0.0000 0.7386 -0.6742
vn 0.3078 0.9514 -0.0000
vn 0.8078 0.5894 -0.0000
vn 0.8078 -0.5894 -0.0000
vn 0.3078 -0.9514 -0.0000
vn -0.3078 -0.9514 -0.0000
vn -0.8078 -0.5894 -0.0000
vn -0.8078 0.5894 -0.0000
vn -0.3078 0.9514 -0.0000
vn 0.2654 0.8203 0.5067
vn 0.6960 0.5079 0.5076
vn 0.8613 -0.0000 0.5081
vn 0.6960 -0.5079 0.5076
vn 0.2654 -0.8203 0.5067
vn -0.2654 -0.8203 0.5067
vn -0.6960 -0.5079 0.5076
vn -0.8613 -0.0000 0.5081
vn -0.6960 0.5079 0.5076
vn -0.2654 0.8203 0.5067
vn 0.2654 0.8203 -0.5067
vn 0.6960 0.5079 -0.5076
vn 0.8613 -0.0000 -0.5081
vn 0.6960 -0.5079 -0.5076
vn 0.2654 -0.8203 -0.5067
vn -0.2654 -0.8203 -0.5067
vn -0.6960 -0.5079 -0.5076
vn -0.8613 -0.0000 -0.5081
vn -0.6960 0.5079 -0.5076
vn -0.2654 0.8203 -0.5067
vn 0.9330 0.3600 -0.0000
vn 0.3940 0.3015 -0.8683
vn 0.8968 0.2843 -0.3391
vn 0.8968 0.2843 0.3391
vn 0.3940 0.3015 0.8683
vn -0.3940 0.3015 0.8683
vn -0.8968 0.2843 0.3391
vn -0.8968 0.2843 -0.3391
vn -0.3940 0.3015 -0.8683
vn 0.4132 -0.0000 0.9106
vn 0.9354 -0.0000 -0.3537
vn -0.4132 -0.0000 -0.9106
vn -0.9354 -0.0000 0.3537
vn 0.9354 -0.0000 0.3537
vn 0.4132 -0.0000 -0.9106
vn -0.9354 -0.0000 -0.3537
vn -0.4132 -0.0000 0.9106
vn -0.0576 0.9983 -0.0000
vn -0.0403 -0.0200 0.9990
vn -0.0700 0.0678 0.9952
vn 0.9998 0.0217 -0.0000
vn -0.0385 -0.9993 -0.0000
vn -0.0403 -0.0200 -0.9990
vn -0.0700 0.0678 -0.9952
vn -1.0000 -0.0100 -0.0000
vn 0.0108 0.0371 0.9993
vn 0.0108 0.0371 -0.9993
vn -0.9984 0.0557 -0.0000
vn -0.0000 -0.0281 0.9996
vn -0.0000 0.0782 0.9969
vn -0.0000 -0.0281 -0.9996
vn -0.0000 0.0782 -0.9969
vn -0.9998 0.0217 -0.0000
vn -0.0108 0.0371 0.9993
vn 0.0385 -0.9993 -0.0000
vn -0.0108 0.0371 -0.9993
vn 0.2849 0.9584 0.0176
vn -0.3022 -0.9519 0.0509
vn 0.0238 0.0782 0.9967
vn 0.0638 0.9959 0.0637
vn 0.0404 -0.0212 0.9990
vn 0.0700 0.0678 0.9952
vn 0.9991 -0.0194 0.0365
vn 0.0495 0.0118 -0.9987
vn -0.9989 0.0109 0.0449
vn 0.0450 -0.9988 0.0185
vn 0.0360 0.9993 -0.0074
vn 0.9992 0.0341 -0.0185
vn -0.9990 0.0424 0.0139
vn 0.9960 0.0615 0.0643
vn 0.9996 -0.0272 -0.0000
vn 0.9974 0.0715 -0.0000
vn -0.0000 0.0251 -0.9997
vn -0.0000 -0.9994 0.0351
vn -0.9996 -0.0272 -0.0000
vn -0.9974 0.0715 -0.0000
vn -0.0000 0.0251 0.9997
vn 0.9993 0.0341 0.0146
vn -0.0001 1.0000 -0.0001
vn 0.9994 0.0338 -0.0090
vn -0.9994 0.0338 -0.0090
vn -0.0002 -0.9984 -0.0567
vn -0.9993 0.0341 0.0145
vn -0.0000 -0.9997 0.0224
vn 0.9994 0.0338 0.0090
vn 0.9994 0.0337 -0.0058
vn -0.9994 0.0337 -0.0058
vn -0.0000 -0.9994 -0.0351
vn -0.9994 0.0338 0.0090
vn 0.0457 0.0864 -0.9952
vn 0.2849 0.9584 -0.0176
vn -0.3022 -0.9519 -0.0509
vn 0.0238 0.0782 -0.9967
vn 0.0638 0.9959 -0.0637
vn 0.0404 -0.0212 -0.9990
vn 0.0700 0.0678 -0.9952
vn 0.9991 -0.0194 -0.0365
vn 0.0495 0.0118 0.9987
vn -0.9989 0.0109 -0.0449
vn 0.0450 -0.9988 -0.0185
vn 0.0360 0.9993 0.0074
vn 0.9992 0.0341 0.0185
vn -0.9990 0.0424 -0.0139
vn 0.9960 0.0615 -0.0643
vn 0.9993 0.0341 -0.0146
vn -0.0001 1.0000 0.0001
vn -0.0002 -0.9984 0.0567
vn -0.9993 0.0341 -0.0145
vn -0.0000 -0.9997 -0.0224
vn 0.9994 0.0337 0.0058
vn -0.9994 0.0337 0.0058
vn 0.0457 0.0864 0.9952
vn -0.3494 0.9370 -0.0000
vn 0.0172 0.9999 -0.0000
vn 0.8781 0.4785 -0.0000
vn -0.9998 0.0198 -0.0000
vn -0.0778 0.9970 -0.0000
vn 0.1441 0.9896 -0.0000
vn -0.0665 -0.9978 -0.0000
vn 0.1565 -0.9877 -0.0000
vn -0.0160 0.9999 -0.0000
vn 0.2588 0.9659 -0.0000
vn 0.7071 0.7071 -0.0000
vn 0.9659 0.2588 -0.0000
vn 0.9659 -0.2588 -0.0000
vn 0.7071 -0.7071 -0.0000
vn 0.2588 -0.9659 -0.0000
vn -0.2588 -0.9659 -0.0000
vn -0.7071 -0.7071 -0.0000
vn -0.9659 -0.2588 -0.0000
vn -0.9659 0.2588 -0.0000
vn -0.7071 0.7071 -0.0000
vn -0.2588 0.9659 -0.0000
vn 0.9038 0.4281 -0.0000
vn -0.9997 0.0234 -0.0000
vn -0.0000 0.4551 -0.8904
vn -0.9037 0.4281 -0.0000
vn -0.0000 0.4551 0.8904
vn 0.8151 0.5793 -0.0000
vn -0.0000 0.0256 0.9997
vn 0.9997 0.0234 -0.0000
vn -0.0000 0.0256 -0.9997
vn 1.0000 0.0036 -0.0000
vn -0.0000 0.6092 -0.7930
vn -0.8151 0.5793 -0.0000
vn -0.0000 0.6092 0.7930
vn -0.0000 0.0039 -1.0000
vn -1.0000 0.0036 -0.0000
vn -0.0000 0.0039 1.0000
s 0
usemtl Material.003
f 101//33 117//33 116//33 100//33
f 112//33 128//33 127//33 111//33
f 69//34 70//34 84//34 85//34
f 82//34 80//34 95//34 96//34
f 67//34 69//34 85//34 86//34
f 81//34 82//34 96//34 97//34
f 71//34 73//34 87//34 88//34
f 79//34 81//34 97//34 98//34
f 73//34 74//34 89//34 87//34
f 68//34 75//34 92//34 83//34
f 74//34 72//34 90//34 89//34
f 72//34 67//34 86//34 90//34
f 75//34 77//34 91//34 92//34
f 76//34 79//34 98//34 94//34
f 77//34 78//34 93//34 91//34
f 70//34 68//34 83//34 84//34
f 80//34 71//34 88//34 95//34
f 78//34 76//34 94//34 93//34
f 102//33 118//33 117//33 101//33
f 113//33 129//33 128//33 112//33
f 104//33 120//33 119//33 103//33
f 114//33 130//33 129//33 113//33
f 103//33 119//33 121//33 105//33
f 99//33 115//33 124//33 108//33
f 105//33 121//33 122//33 106//33
f 106//33 122//33 118//33 102//33
f 108//33 124//33 123//33 107//33
f 110//33 126//33 130//33 114//33
f 107//33 123//33 125//33 109//33
f 100//33 116//33 115//33 99//33
f 111//33 127//33 120//33 104//33
f 109//33 125//33 126//33 110//33
f 78//35 109//35 110//35 76//35
f 91//36 123//36 124//36 92//36
f 82//37 112//37 111//37 80//37
f 93//38 125//38 123//38 91//38
f 81//39 113//39 112//39 82//39
f 94//40 126//40 125//40 93//40
f 79//41 114//41 113//41 81//41
f 95//42 127//42 128//42 96//42
f 68//43 99//43 108//43 75//43
f 96//44 128//44 129//44 97//44
f 72//45 106//45 102//45 67//45
f 70//46 100//46 99//46 68//46
f 97//47 129//47 130//47 98//47
f 76//48 110//48 114//48 79//48
f 69//49 101//49 100//49 70//49
f 92//50 124//50 115//50 83//50
f 80//50 111//50 104//50 71//50
f 67//51 102//51 101//51 69//51
f 86//48 118//48 122//48 90//48
f 83//52 115//52 116//52 84//52
f 71//53 104//53 103//53 73//53
f 98//45 130//45 126//45 94//45
f 84//54 116//54 117//54 85//54
f 73//55 103//55 105//55 74//55
f 88//43 120//43 127//43 95//43
f 85//56 117//56 118//56 86//56
f 74//57 105//57 106//57 72//57
f 87//58 119//58 120//58 88//58
f 75//59 108//59 107//59 77//59
f 89//60 121//60 119//60 87//60
f 77//61 107//61 109//61 78//61
f 90//62 122//62 121//62 89//62
f 165//33 181//33 180//33 164//33
f 176//33 192//33 191//33 175//33
f 133//34 134//34 148//34 149//34
f 146//34 144//34 159//34 160//34
f 131//34 133//34 149//34 150//34
f 145//34 146//34 160//34 161//34
f 135//34 137//34 151//34 152//34
f 143//34 145//34 161//34 162//34
f 137//34 138//34 153//34 151//34
f 132//34 139//34 156//34 147//34
f 138//34 136//34 154//34 153//34
f 136//34 131//34 150//34 154//34
f 139//34 141//34 155//34 156//34
f 140//34 143//34 162//34 158//34
f 141//34 142//34 157//34 155//34
f 134//34 132//34 147//34 148//34
f 144//34 135//34 152//34 159//34
f 142//34 140//34 158//34 157//34
f 166//33 182//33 181//33 165//33
f 177//33 193//33 192//33 176//33
f 168//33 184//33 183//33 167//33
f 178//33 194//33 193//33 177//33
f 167//33 183//33 185//33 169//33
f 163//33 179//33 188//33 172//33
f 169//33 185//33 186//33 170//33
f 170//33 186//33 182//33 166//33
f 172//33 188//33 187//33 171//33
f 174//33 190//33 194//33 178//33
f 171//33 187//33 189//33 173//33
f 164//33 180//33 179//33 163//33
f 175//33 191//33 184//33 168//33
f 173//33 189//33 190//33 174//33
f 142//35 173//35 174//35 140//35
f 155//63 187//63 188//63 156//63
f 146//37 176//37 175//37 144//37
f 157//64 189//64 187//64 155//64
f 145//39 177//39 176//39 146//39
f 158//65 190//65 189//65 157//65
f 143//41 178//41 177//41 145//41
f 159//66 191//66 192//66 160//66
f 132//43 163//43 172//43 139//43
f 160//67 192//67 193//67 161//67
f 136//45 170//45 166//45 131//45
f 134//46 164//46 163//46 132//46
f 161//68 193//68 194//68 162//68
f 140//48 174//48 178//48 143//48
f 133//49 165//49 164//49 134//49
f 156//50 188//50 179//50 147//50
f 144//50 175//50 168//50 135//50
f 131//51 166//51 165//51 133//51
f 150//48 182//48 186//48 154//48
f 147//69 179//69 180//69 148//69
f 135//53 168//53 167//53 137//53
f 162//45 194//45 190//45 158//45
f 148//70 180//70 181//70 149//70
f 137//55 167//55 169//55 138//55
f 152//43 184//43 191//43 159//43
f 149//71 181//71 182//71 150//71
f 138//57 169//57 170//57 136//57
f 151//72 183//72 184//72 152//72
f 139//59 172//59 171//59 141//59
f 153//73 185//73 183//73 151//73
f 141//61 171//61 173//61 142//61
f 154//74 186//74 185//74 153//74
f 821//50 822//50 828//50 827//50 826//50 825//50 824//50 823//50
usemtl Material
f 442//75 431//75 196//75 202//75
f 397//50 205//50 415//50 416//50
f 203//34 198//34 205//34 206//34 201//34
f 434//76 198//76 263//76 525//76
f 430//43 435//43 197//43 195//43
f 204//34 200//34 198//34 203//34
f 257//34 256//34 200//34 204//34
f 256//50 511//50 518//50 258//50
f 435//43 439//43 199//43 197//43
f 255//34 257//34 204//34 199//34
f 199//34 204//34 203//34 197//34
f 195//77 201//77 443//77 430//77
f 197//34 203//34 201//34 195//34
f 206//34 205//34 397//34 396//34
f 201//77 206//77 448//77 443//77
f 451//43 207//43 208//43 452//43
f 249//78 216//78 218//78 252//78
f 208//79 207//79 209//79 210//79
f 207//80 451//80 454//80 209//80
f 452//81 208//81 210//81 456//81
f 458//50 460//50 212//50 211//50
f 245//82 214//82 217//82 254//82
f 209//83 246//83 253//83 247//83
f 213//84 244//84 252//84 218//84
f 212//50 460//50 462//50 213//50
f 495//84 244//84 213//84 462//84
f 209//85 454//85 499//85 246//85
f 212//50 213//50 218//50 216//50
f 458//50 211//50 214//50 464//50
f 215//78 248//78 254//78 217//78
f 210//86 209//86 247//86 250//86
f 249//78 248//78 215//78 216//78
f 214//50 211//50 215//50 217//50
f 211//50 212//50 216//50 215//50
f 245//82 498//82 464//82 214//82
f 243//87 210//87 250//87 251//87
f 221//33 222//33 220//33 219//33
f 225//34 223//34 224//34 226//34
f 221//33 219//33 235//33 236//33
f 222//88 226//88 230//88 228//88
f 219//50 220//50 224//50 223//50
f 222//43 221//43 225//43 226//43
f 227//33 228//33 232//33 231//33
f 226//34 224//34 229//34 230//34
f 220//33 222//33 228//33 227//33
f 224//89 220//89 227//89 229//89
f 231//90 232//90 234//90 233//90
f 229//91 227//91 231//91 233//91
f 230//34 229//34 233//34 234//34
f 228//92 230//92 234//92 232//92
f 235//93 237//93 241//93 239//93
f 219//94 223//94 237//94 235//94
f 225//95 221//95 236//95 238//95
f 223//34 225//34 238//34 237//34
f 240//96 239//96 241//96 242//96
f 236//33 235//33 239//33 240//33
f 238//97 236//97 240//97 242//97
f 237//34 238//34 242//34 241//34
f 494//98 243//98 244//98 495//98
f 498//99 245//99 246//99 499//99
f 248//100 249//100 250//100 247//100
f 251//100 250//100 249//100 252//100
f 254//100 248//100 247//100 253//100
f 253//99 246//99 245//99 254//99
f 252//98 244//98 243//98 251//98
f 456//101 210//101 243//101 494//101
f 202//34 257//34 255//34
f 431//102 511//102 256//102 196//102
f 202//34 196//34 256//34 257//34
f 439//43 513//43 255//43 199//43
f 442//103 202//103 255//103 513//103
f 258//45 518//45 522//45 260//45
f 200//50 256//50 258//50 259//50
f 437//50 200//50 259//50 517//50
f 522//50 521//50 261//50 260//50
f 517//48 259//48 261//48 521//48
f 259//33 258//33 260//33 261//33
f 198//76 200//76 262//76 263//76
f 200//76 437//76 526//76 262//76
f 266//43 268//43 269//43 267//43
f 267//34 269//34 275//34 272//34
f 268//33 266//33 270//33 271//33
f 270//107 273//107 274//107 271//107
f 269//48 268//48 271//48 274//48 275//48
f 272//108 275//108 274//108 273//108
f 266//45 267//45 272//45 273//45 270//45
f 397//135 663//135 664//135 396//135
f 448//136 206//136 396//136 664//136
f 198//50 434//50 681//50 414//50
f 398//137 399//137 401//137 400//137
f 403//138 405//138 404//138 402//138
f 398//34 400//34 405//34 403//34
f 399//43 398//43 403//43 402//43
f 400//50 401//50 404//50 405//50
f 401//33 399//33 402//33 404//33
f 406//137 407//137 409//137 408//137
f 411//138 413//138 412//138 410//138
f 406//34 408//34 413//34 411//34
f 407//43 406//43 411//43 410//43
f 408//50 409//50 412//50 413//50
f 409//33 407//33 410//33 412//33
f 414//45 681//45 449//45 417//45
f 416//33 415//33 418//33 419//33
f 663//50 397//50 416//50 685//50
f 205//50 198//50 414//50 415//50
f 449//50 688//50 418//50 417//50
f 418//50 688//50 690//50 419//50
f 685//48 416//48 419//48 690//48
f 415//33 414//33 417//33 418//33
f 423//33 421//33 420//33 422//33
f 427//34 426//34 424//34 425//34
f 421//45 423//45 427//45 425//45
f 420//50 421//50 425//50 424//50
f 422//48 420//48 424//48 426//48
f 423//43 422//43 426//43 427//43
f 442//75 441//75 429//75 431//75
f 662//50 684//50 683//50 446//50
f 444//33 440//33 447//33 446//33 433//33
f 434//76 525//76 524//76 433//76
f 430//43 428//43 432//43 435//43
f 445//33 444//33 433//33 438//33
f 514//33 445//33 438//33 512//33
f 512//50 515//50 518//50 511//50
f 435//43 432//43 436//43 439//43
f 510//33 436//33 445//33 514//33
f 436//33 432//33 444//33 445//33
f 428//77 430//77 443//77 440//77
f 432//33 428//33 440//33 444//33
f 447//33 661//33 662//33 446//33
f 440//77 443//77 448//77 447//77
f 451//43 452//43 453//43 450//43
f 504//139 507//139 469//139 467//139
f 453//140 457//140 455//140 450//140
f 450//80 455//80 454//80 451//80
f 452//81 456//81 457//81 453//81
f 458//50 459//50 461//50 460//50
f 500//82 509//82 468//82 465//82
f 455//141 502//141 508//141 501//141
f 463//84 469//84 507//84 497//84
f 461//50 463//50 462//50 460//50
f 495//84 462//84 463//84 497//84
f 455//85 501//85 499//85 454//85
f 461//50 467//50 469//50 463//50
f 458//50 464//50 465//50 459//50
f 466//139 468//139 509//139 503//139
f 457//142 505//142 502//142 455//142
f 504//139 467//139 466//139 503//139
f 465//50 468//50 466//50 459//50
f 459//50 466//50 467//50 461//50
f 500//82 465//82 464//82 498//82
f 496//143 506//143 505//143 457//143
f 472//34 470//34 471//34 473//34
f 476//33 477//33 475//33 474//33
f 472//34 487//34 486//34 470//34
f 473//88 479//88 481//88 477//88
f 470//50 474//50 475//50 471//50
f 473//43 477//43 476//43 472//43
f 478//34 482//34 483//34 479//34
f 477//33 481//33 480//33 475//33
f 471//34 478//34 479//34 473//34
f 475//89 480//89 478//89 471//89
f 482//90 484//90 485//90 483//90
f 480//91 484//91 482//91 478//91
f 481//33 485//33 484//33 480//33
f 479//92 483//92 485//92 481//92
f 486//93 490//93 492//93 488//93
f 470//94 486//94 488//94 474//94
f 476//95 489//95 487//95 472//95
f 474//33 488//33 489//33 476//33
f 491//96 493//96 492//96 490//96
f 487//34 491//34 490//34 486//34
f 489//97 493//97 491//97 487//97
f 488//33 492//33 493//33 489//33
f 494//98 495//98 497//98 496//98
f 498//99 499//99 501//99 500//99
f 503//144 502//144 505//144 504//144
f 506//144 507//144 504//144 505//144
f 509//144 508//144 502//144 503//144
f 508//99 509//99 500//99 501//99
f 507//98 506//98 496//98 497//98
f 456//101 494//101 496//101 457//101
f 441//33 510//33 514//33
f 431//102 429//102 512//102 511//102
f 441//33 514//33 512//33 429//33
f 439//43 436//43 510//43 513//43
f 442//103 513//103 510//103 441//103
f 515//45 519//45 522//45 518//45
f 438//50 516//50 515//50 512//50
f 437//50 517//50 516//50 438//50
f 522//50 519//50 520//50 521//50
f 517//48 521//48 520//48 516//48
f 516//34 520//34 519//34 515//34
f 433//76 524//76 523//76 438//76
f 438//76 523//76 526//76 437//76
f 531//43 532//43 534//43 533//43
f 532//33 537//33 540//33 534//33
f 533//34 536//34 535//34 531//34
f 535//146 536//146 539//146 538//146
f 534//48 540//48 539//48 536//48 533//48
f 537//147 538//147 539//147 540//147
f 531//45 535//45 538//45 537//45 532//45
f 662//135 661//135 664//135 663//135
f 448//136 664//136 661//136 447//136
f 433//50 682//50 681//50 434//50
f 665//137 667//137 668//137 666//137
f 670//138 669//138 671//138 672//138
f 665//33 670//33 672//33 667//33
f 666//43 669//43 670//43 665//43
f 667//50 672//50 671//50 668//50
f 668//34 671//34 669//34 666//34
f 673//137 675//137 676//137 674//137
f 678//138 677//138 679//138 680//138
f 673//33 678//33 680//33 675//33
f 674//43 677//43 678//43 673//43
f 675//50 680//50 679//50 676//50
f 676//34 679//34 677//34 674//34
f 682//45 686//45 449//45 681//45
f 684//34 689//34 687//34 683//34
f 663//50 685//50 684//50 662//50
f 446//50 683//50 682//50 433//50
f 449//50 686//50 687//50 688//50
f 687//50 689//50 690//50 688//50
f 685//48 690//48 689//48 684//48
f 683//34 687//34 686//34 682//34
f 694//34 693//34 691//34 692//34
f 698//33 696//33 695//33 697//33
f 692//45 696//45 698//45 694//45
f 691//50 695//50 696//50 692//50
f 693//48 697//48 695//48 691//48
f 694//43 698//43 697//43 693//43
f 830//43 832//43 831//43 829//43
f 839//193 837//193 835//193 834//193
f 831//194 840//194 833//194 829//194
f 840//195 839//195 834//195 833//195
f 832//196 838//196 840//196 831//196
f 840//197 838//197 842//197 844//197
f 830//198 836//198 838//198 832//198
f 836//199 835//199 837//199 838//199
f 829//200 833//200 836//200 830//200
f 837//50 839//50 843//50 841//50
f 839//201 840//201 844//201 843//201
f 838//202 837//202 841//202 842//202
f 833//203 834//203 835//203 836//203
f 846//43 848//43 847//43 845//43
f 855//50 853//50 851//50 850//50
f 847//204 856//204 849//204 845//204
f 856//205 855//205 850//205 849//205
f 848//196 854//196 856//196 847//196
f 856//197 854//197 858//197 860//197
f 846//206 852//206 854//206 848//206
f 852//207 851//207 853//207 854//207
f 845//208 849//208 852//208 846//208
f 849//209 850//209 843//209 844//209
f 850//50 851//50 841//50 843//50
f 853//50 855//50 859//50 857//50
f 855//201 856//201 860//201 859//201
f 854//202 853//202 857//202 858//202
f 852//210 849//210 844//210 842//210
f 851//211 852//211 842//211 841//211
f 862//43 864//43 863//43 861//43
f 871//50 869//50 867//50 866//50
f 863//204 872//204 865//204 861//204
f 872//205 871//205 866//205 865//205
f 864//196 870//196 872//196 863//196
f 872//197 870//197 874//197 876//197
f 862//206 868//206 870//206 864//206
f 868//207 867//207 869//207 870//207
f 861//208 865//208 868//208 862//208
f 865//209 866//209 859//209 860//209
f 866//50 867//50 857//50 859//50
f 869//50 871//50 875//50 873//50
f 871//201 872//201 876//201 875//201
f 870//202 869//202 873//202 874//202
f 868//210 865//210 860//210 858//210
f 867//211 868//211 858//211 857//211
f 878//43 880//43 879//43 877//43
f 887//50 885//50 883//50 882//50
f 879//204 888//204 881//204 877//204
f 888//205 887//205 882//205 881//205
f 880//196 886//196 888//196 879//196
f 888//197 886//197 890//197 892//197
f 878//206 884//206 886//206 880//206
f 884//207 883//207 885//207 886//207
f 877//208 881//208 884//208 878//208
f 881//209 882//209 875//209 876//209
f 882//50 883//50 873//50 875//50
f 885//50 887//50 891//50 889//50
f 887//201 888//201 892//201 891//201
f 886//202 885//202 889//202 890//202
f 884//210 881//210 876//210 874//210
f 883//211 884//211 874//211 873//211
f 894//43 896//43 895//43 893//43
f 903//50 901//50 899//50 898//50
f 895//204 904//204 897//204 893//204
f 904//205 903//205 898//205 897//205
f 896//196 902//196 904//196 895//196
f 904//197 902//197 906//197 908//197
f 894//206 900//206 902//206 896//206
f 900//207 899//207 901//207 902//207
f 893//208 897//208 900//208 894//208
f 897//209 898//209 891//209 892//209
f 898//50 899//50 889//50 891//50
f 901//50 903//50 907//50 905//50
f 903//201 904//201 908//201 907//201
f 902//202 901//202 905//202 906//202
f 900//210 897//210 892//210 890//210
f 899//211 900//211 890//211 889//211
f 910//43 912//43 911//43 909//43
f 919//50 917//50 915//50 914//50
f 911//204 920//204 913//204 909//204
f 920//205 919//205 914//205 913//205
f 912//196 918//196 920//196 911//196
f 926//212 927//212 917//212 919//212
f 910//206 916//206 918//206 912//206
f 916//207 915//207 917//207 918//207
f 909//208 913//208 916//208 910//208
f 913//209 914//209 907//209 908//209
f 914//50 915//50 905//50 907//50
f 928//213 925//213 920//213 918//213
f 925//214 926//214 919//214 920//214
f 916//210 913//210 908//210 906//210
f 915//211 916//211 906//211 905//211
f 922//43 924//43 923//43 921//43
f 931//215 929//215 927//215 926//215
f 923//216 932//216 925//216 921//216
f 932//217 931//217 926//217 925//217
f 924//218 930//218 932//218 923//218
f 922//219 928//219 930//219 924//219
f 921//220 925//220 928//220 922//220
f 930//221 928//221 934//221 936//221
f 927//222 929//222 935//222 933//222
f 929//223 930//223 936//223 935//223
f 928//224 927//224 933//224 934//224
f 930//225 929//225 931//225 932//225
f 938//43 940//43 939//43 937//43
f 947//50 945//50 943//50 942//50
f 939//226 948//226 941//226 937//226
f 948//227 947//227 942//227 941//227
f 940//228 946//228 948//228 939//228
f 948//229 946//229 950//229 952//229
f 938//230 944//230 946//230 940//230
f 944//231 943//231 945//231 946//231
f 937//232 941//232 944//232 938//232
f 941//233 942//233 935//233 936//233
f 942//234 943//234 933//234 935//234
f 945//50 947//50 951//50 949//50
f 947//235 948//235 952//235 951//235
f 946//236 945//236 949//236 950//236
f 944//237 941//237 936//237 934//237
f 943//238 944//238 934//238 933//238
f 954//43 956//43 955//43 953//43
f 963//50 961//50 959//50 958//50
f 955//226 964//226 957//226 953//226
f 964//227 963//227 958//227 957//227
f 956//228 962//228 964//228 955//228
f 964//239 962//239 1102//239 1104//239
f 954//230 960//230 962//230 956//230
f 960//231 959//231 961//231 962//231
f 953//232 957//232 960//232 954//232
f 957//240 958//240 951//240 952//240
f 958//50 959//50 949//50 951//50
f 961//50 963//50 1103//50 1101//50
f 963//241 964//241 1104//241 1103//241
f 962//242 961//242 1101//242 1102//242
f 960//243 957//243 952//243 950//243
f 959//244 960//244 950//244 949//244
f 927//245 928//245 918//245 917//245
f 966//43 965//43 967//43 968//43
f 975//193 970//193 971//193 973//193
f 967//198 965//198 969//198 976//198
f 976//199 969//199 970//199 975//199
f 968//196 967//196 976//196 974//196
f 976//197 980//197 978//197 974//197
f 966//194 968//194 974//194 972//194
f 972//195 974//195 973//195 971//195
f 965//200 966//200 972//200 969//200
f 973//50 977//50 979//50 975//50
f 975//202 979//202 980//202 976//202
f 974//201 978//201 977//201 973//201
f 969//203 972//203 971//203 970//203
f 982//43 981//43 983//43 984//43
f 991//50 986//50 987//50 989//50
f 983//206 981//206 985//206 992//206
f 992//207 985//207 986//207 991//207
f 984//196 983//196 992//196 990//196
f 992//197 996//197 994//197 990//197
f 982//204 984//204 990//204 988//204
f 988//205 990//205 989//205 987//205
f 981//208 982//208 988//208 985//208
f 985//211 980//211 979//211 986//211
f 986//50 979//50 977//50 987//50
f 989//50 993//50 995//50 991//50
f 991//202 995//202 996//202 992//202
f 990//201 994//201 993//201 989//201
f 988//210 978//210 980//210 985//210
f 987//209 977//209 978//209 988//209
f 998//43 997//43 999//43 1000//43
f 1007//50 1002//50 1003//50 1005//50
f 999//206 997//206 1001//206 1008//206
f 1008//207 1001//207 1002//207 1007//207
f 1000//196 999//196 1008//196 1006//196
f 1008//197 1012//197 1010//197 1006//197
f 998//204 1000//204 1006//204 1004//204
f 1004//205 1006//205 1005//205 1003//205
f 997//208 998//208 1004//208 1001//208
f 1001//211 996//211 995//211 1002//211
f 1002//50 995//50 993//50 1003//50
f 1005//50 1009//50 1011//50 1007//50
f 1007//202 1011//202 1012//202 1008//202
f 1006//201 1010//201 1009//201 1005//201
f 1004//210 994//210 996//210 1001//210
f 1003//209 993//209 994//209 1004//209
f 1014//43 1013//43 1015//43 1016//43
f 1023//50 1018//50 1019//50 1021//50
f 1015//206 1013//206 1017//206 1024//206
f 1024//207 1017//207 1018//207 1023//207
f 1016//196 1015//196 1024//196 1022//196
f 1024//197 1028//197 1026//197 1022//197
f 1014//204 1016//204 1022//204 1020//204
f 1020//205 1022//205 1021//205 1019//205
f 1013//208 1014//208 1020//208 1017//208
f 1017//211 1012//211 1011//211 1018//211
f 1018//50 1011//50 1009//50 1019//50
f 1021//50 1025//50 1027//50 1023//50
f 1023//202 1027//202 1028//202 1024//202
f 1022//201 1026//201 1025//201 1021//201
f 1020//210 1010//210 1012//210 1017//210
f 1019//209 1009//209 1010//209 1020//209
f 1030//43 1029//43 1031//43 1032//43
f 1039//50 1034//50 1035//50 1037//50
f 1031//206 1029//206 1033//206 1040//206
f 1040//207 1033//207 1034//207 1039//207
f 1032//196 1031//196 1040//196 1038//196
f 1040//197 1044//197 1042//197 1038//197
f 1030//204 1032//204 1038//204 1036//204
f 1036//205 1038//205 1037//205 1035//205
f 1029//208 1030//208 1036//208 1033//208
f 1033//211 1028//211 1027//211 1034//211
f 1034//50 1027//50 1025//50 1035//50
f 1037//50 1041//50 1043//50 1039//50
f 1039//202 1043//202 1044//202 1040//202
f 1038//201 1042//201 1041//201 1037//201
f 1036//210 1026//210 1028//210 1033//210
f 1035//209 1025//209 1026//209 1036//209
f 1046//43 1045//43 1047//43 1048//43
f 1055//50 1050//50 1051//50 1053//50
f 1047//206 1045//206 1049//206 1056//206
f 1056//207 1049//207 1050//207 1055//207
f 1048//196 1047//196 1056//196 1054//196
f 1062//246 1055//246 1053//246 1063//246
f 1046//204 1048//204 1054//204 1052//204
f 1052//205 1054//205 1053//205 1051//205
f 1045//208 1046//208 1052//208 1049//208
f 1049//211 1044//211 1043//211 1050//211
f 1050//50 1043//50 1041//50 1051//50
f 1064//247 1054//247 1056//247 1061//247
f 1061//248 1056//248 1055//248 1062//248
f 1052//210 1042//210 1044//210 1049//210
f 1051//209 1041//209 1042//209 1052//209
f 1058//43 1057//43 1059//43 1060//43
f 1067//249 1062//249 1063//249 1065//249
f 1059//250 1057//250 1061//250 1068//250
f 1068//251 1061//251 1062//251 1067//251
f 1060//252 1059//252 1068//252 1066//252
f 1058//253 1060//253 1066//253 1064//253
f 1057//254 1058//254 1064//254 1061//254
f 1066//255 1072//255 1070//255 1064//255
f 1063//256 1069//256 1071//256 1065//256
f 1065//257 1071//257 1072//257 1066//257
f 1064//258 1070//258 1069//258 1063//258
f 1066//259 1068//259 1067//259 1065//259
f 1074//43 1073//43 1075//43 1076//43
f 1083//50 1078//50 1079//50 1081//50
f 1075//226 1073//226 1077//226 1084//226
f 1084//227 1077//227 1078//227 1083//227
f 1076//232 1075//232 1084//232 1082//232
f 1084//243 1088//243 1086//243 1082//243
f 1074//230 1076//230 1082//230 1080//230
f 1080//231 1082//231 1081//231 1079//231
f 1073//228 1074//228 1080//228 1077//228
f 1077//260 1072//260 1071//260 1078//260
f 1078//261 1071//261 1069//261 1079//261
f 1081//50 1085//50 1087//50 1083//50
f 1083//240 1087//240 1088//240 1084//240
f 1082//244 1086//244 1085//244 1081//244
f 1080//262 1070//262 1072//262 1077//262
f 1079//263 1069//263 1070//263 1080//263
f 1090//43 1089//43 1091//43 1092//43
f 1099//50 1094//50 1095//50 1097//50
f 1091//226 1089//226 1093//226 1100//226
f 1100//227 1093//227 1094//227 1099//227
f 1092//232 1091//232 1100//232 1098//232
f 1100//264 1104//264 1102//264 1098//264
f 1090//230 1092//230 1098//230 1096//230
f 1096//231 1098//231 1097//231 1095//231
f 1089//228 1090//228 1096//228 1093//228
f 1093//235 1088//235 1087//235 1094//235
f 1094//50 1087//50 1085//50 1095//50
f 1097//50 1101//50 1103//50 1099//50
f 1099//265 1103//265 1104//265 1100//265
f 1098//266 1102//266 1101//266 1097//266
f 1096//229 1086//229 1088//229 1093//229
f 1095//236 1085//236 1086//236 1096//236
f 1063//267 1053//267 1054//267 1064//267
f 2594//43 2596//43 2595//43 2593//43
f 2599//289 2597//289 2601//289 2603//289
f 2596//48 2594//48 2597//48 2599//48
f 2594//33 2593//33 2598//33 2597//33
f 2593//45 2595//45 2600//45 2598//45
f 2595//34 2596//34 2599//34 2600//34
f 2602//290 2604//290 2608//290 2606//290
f 2597//291 2598//291 2602//291 2601//291
f 2598//292 2600//292 2604//292 2602//292
f 2600//293 2599//293 2603//293 2604//293
f 2607//294 2605//294 2609//294 2611//294
f 2604//295 2603//295 2607//295 2608//295
f 2603//296 2601//296 2605//296 2607//296
f 2601//297 2602//297 2606//297 2605//297
f 2611//298 2609//298 2613//298 2615//298
f 2605//299 2606//299 2610//299 2609//299
f 2606//300 2608//300 2612//300 2610//300
f 2608//301 2607//301 2611//301 2612//301
f 2613//50 2614//50 2616//50 2615//50
f 2609//302 2610//302 2614//302 2613//302
f 2610//303 2612//303 2616//303 2614//303
f 2612//304 2611//304 2615//304 2616//304
usemtl Material.001
f 263//104 262//104 264//104 265//104
f 530//76 529//76 265//76 264//76
f 262//105 526//105 530//105 264//105
f 525//106 263//106 265//106 529//106
f 276//109 277//109 279//109 278//109
f 278//33 279//33 283//33 282//33
f 282//110 283//110 281//110 280//110
f 280//34 281//34 277//34 276//34
f 276//111 278//111 284//111 285//111
f 283//112 279//112 277//112 281//112
f 284//113 286//113 287//113 285//113
f 282//114 280//114 287//114 286//114
f 280//34 276//34 285//34 287//34
f 278//33 282//33 286//33 284//33
f 288//115 289//115 291//115 290//115
f 290//33 291//33 295//33 294//33
f 294//116 295//116 293//116 292//116
f 292//34 293//34 289//34 288//34
f 288//117 290//117 296//117 297//117
f 295//118 291//118 289//118 293//118
f 296//119 298//119 299//119 297//119
f 294//120 292//120 299//120 298//120
f 292//34 288//34 297//34 299//34
f 290//33 294//33 298//33 296//33
f 300//121 301//121 303//121 302//121
f 302//33 303//33 307//33 306//33
f 306//122 307//122 305//122 304//122
f 304//34 305//34 301//34 300//34
f 300//45 302//45 308//45 309//45
f 307//50 303//50 301//50 305//50
f 308//43 310//43 311//43 309//43
f 306//48 304//48 311//48 310//48
f 304//34 300//34 309//34 311//34
f 302//33 306//33 310//33 308//33
f 312//121 313//121 315//121 314//121
f 314//33 315//33 319//33 318//33
f 318//122 319//122 317//122 316//122
f 316//34 317//34 313//34 312//34
f 312//45 314//45 320//45 321//45
f 319//50 315//50 313//50 317//50
f 320//43 322//43 323//43 321//43
f 318//48 316//48 323//48 322//48
f 316//34 312//34 321//34 323//34
f 314//33 318//33 322//33 320//33
f 324//121 325//121 327//121 326//121
f 326//33 327//33 331//33 330//33
f 330//122 331//122 329//122 328//122
f 328//34 329//34 325//34 324//34
f 324//45 326//45 332//45 333//45
f 331//50 327//50 325//50 329//50
f 332//43 334//43 335//43 333//43
f 330//48 328//48 335//48 334//48
f 328//34 324//34 333//34 335//34
f 326//33 330//33 334//33 332//33
f 336//121 337//121 339//121 338//121
f 338//33 339//33 343//33 342//33
f 342//122 343//122 341//122 340//122
f 340//34 341//34 337//34 336//34
f 336//45 338//45 344//45 345//45
f 343//50 339//50 337//50 341//50
f 344//43 346//43 347//43 345//43
f 342//48 340//48 347//48 346//48
f 340//34 336//34 345//34 347//34
f 338//33 342//33 346//33 344//33
f 348//121 349//121 351//121 350//121
f 350//33 351//33 355//33 354//33
f 354//122 355//122 353//122 352//122
f 352//34 353//34 349//34 348//34
f 348//45 350//45 356//45 357//45
f 355//50 351//50 349//50 353//50
f 356//43 358//43 359//43 357//43
f 354//48 352//48 359//48 358//48
f 352//34 348//34 357//34 359//34
f 350//33 354//33 358//33 356//33
f 360//121 361//121 363//121 362//121
f 362//33 363//33 367//33 366//33
f 366//122 367//122 365//122 364//122
f 364//34 365//34 361//34 360//34
f 360//45 362//45 368//45 369//45
f 367//50 363//50 361//50 365//50
f 368//43 370//43 371//43 369//43
f 366//48 364//48 371//48 370//48
f 364//34 360//34 369//34 371//34
f 362//33 366//33 370//33 368//33
f 372//123 373//123 375//123 374//123
f 374//33 375//33 379//33 378//33
f 378//124 379//124 377//124 376//124
f 376//34 377//34 373//34 372//34
f 372//125 374//125 380//125 381//125
f 379//126 375//126 373//126 377//126
f 380//127 382//127 383//127 381//127
f 378//128 376//128 383//128 382//128
f 376//34 372//34 381//34 383//34
f 374//33 378//33 382//33 380//33
f 384//129 385//129 387//129 386//129
f 386//33 387//33 391//33 390//33
f 390//130 391//130 389//130 388//130
f 388//34 389//34 385//34 384//34
f 384//131 386//131 392//131 393//131
f 391//132 387//132 385//132 389//132
f 392//133 394//133 395//133 393//133
f 390//134 388//134 395//134 394//134
f 388//34 384//34 393//34 395//34
f 386//33 390//33 394//33 392//33
f 524//145 528//145 527//145 523//145
f 530//76 527//76 528//76 529//76
f 523//105 527//105 530//105 526//105
f 525//106 529//106 528//106 524//106
f 541//109 543//109 544//109 542//109
f 543//34 547//34 548//34 544//34
f 547//110 545//110 546//110 548//110
f 545//33 541//33 542//33 546//33
f 541//111 550//111 549//111 543//111
f 548//112 546//112 542//112 544//112
f 549//113 550//113 552//113 551//113
f 547//114 551//114 552//114 545//114
f 545//33 552//33 550//33 541//33
f 543//34 549//34 551//34 547//34
f 553//115 555//115 556//115 554//115
f 555//34 559//34 560//34 556//34
f 559//116 557//116 558//116 560//116
f 557//33 553//33 554//33 558//33
f 553//117 562//117 561//117 555//117
f 560//118 558//118 554//118 556//118
f 561//119 562//119 564//119 563//119
f 559//120 563//120 564//120 557//120
f 557//33 564//33 562//33 553//33
f 555//34 561//34 563//34 559//34
f 565//121 567//121 568//121 566//121
f 567//34 571//34 572//34 568//34
f 571//122 569//122 570//122 572//122
f 569//33 565//33 566//33 570//33
f 565//45 574//45 573//45 567//45
f 572//50 570//50 566//50 568//50
f 573//43 574//43 576//43 575//43
f 571//48 575//48 576//48 569//48
f 569//33 576//33 574//33 565//33
f 567//34 573//34 575//34 571//34
f 577//121 579//121 580//121 578//121
f 579//34 583//34 584//34 580//34
f 583//122 581//122 582//122 584//122
f 581//33 577//33 578//33 582//33
f 577//45 586//45 585//45 579//45
f 584//50 582//50 578//50 580//50
f 585//43 586//43 588//43 587//43
f 583//48 587//48 588//48 581//48
f 581//33 588//33 586//33 577//33
f 579//34 585//34 587//34 583//34
f 589//121 591//121 592//121 590//121
f 591//34 595//34 596//34 592//34
f 595//122 593//122 594//122 596//122
f 593//33 589//33 590//33 594//33
f 589//45 598//45 597//45 591//45
f 596//50 594//50 590//50 592//50
f 597//43 598//43 600//43 599//43
f 595//48 599//48 600//48 593//48
f 593//33 600//33 598//33 589//33
f 591//34 597//34 599//34 595//34
f 601//121 603//121 604//121 602//121
f 603//34 607//34 608//34 604//34
f 607//122 605//122 606//122 608//122
f 605//33 601//33 602//33 606//33
f 601//45 610//45 609//45 603//45
f 608//50 606//50 602//50 604//50
f 609//43 610//43 612//43 611//43
f 607//48 611//48 612//48 605//48
f 605//33 612//33 610//33 601//33
f 603//34 609//34 611//34 607//34
f 613//121 615//121 616//121 614//121
f 615//34 619//34 620//34 616//34
f 619//122 617//122 618//122 620//122
f 617//33 613//33 614//33 618//33
f 613//45 622//45 621//45 615//45
f 620//50 618//50 614//50 616//50
f 621//43 622//43 624//43 623//43
f 619//48 623//48 624//48 617//48
f 617//33 624//33 622//33 613//33
f 615//34 621//34 623//34 619//34
f 625//121 627//121 628//121 626//121
f 627//34 631//34 632//34 628//34
f 631//122 629//122 630//122 632//122
f 629//33 625//33 626//33 630//33
f 625//45 634//45 633//45 627//45
f 632//50 630//50 626//50 628//50
f 633//43 634//43 636//43 635//43
f 631//48 635//48 636//48 629//48
f 629//33 636//33 634//33 625//33
f 627//34 633//34 635//34 631//34
f 637//123 639//123 640//123 638//123
f 639//34 643//34 644//34 640//34
f 643//124 641//124 642//124 644//124
f 641//33 637//33 638//33 642//33
f 637//125 646//125 645//125 639//125
f 644//126 642//126 638//126 640//126
f 645//127 646//127 648//127 647//127
f 643//128 647//128 648//128 641//128
f 641//33 648//33 646//33 637//33
f 639//34 645//34 647//34 643//34
f 649//129 651//129 652//129 650//129
f 651//34 655//34 656//34 652//34
f 655//130 653//130 654//130 656//130
f 653//33 649//33 650//33 654//33
f 649//131 658//131 657//131 651//131
f 656//132 654//132 650//132 652//132
f 657//133 658//133 660//133 659//133
f 655//134 659//134 660//134 653//134
f 653//33 660//33 658//33 649//33
f 651//34 657//34 659//34 655//34
f 749//148 699//148 700//148 750//148
f 750//149 700//149 701//149 751//149
f 751//48 701//48 702//48 752//48
f 752//150 702//150 703//150 753//150
f 753//151 703//151 704//151 754//151
f 754//152 704//152 705//152 755//152
f 755//153 705//153 706//153 756//153
f 756//45 706//45 707//45 757//45
f 706//34 705//34 715//34 716//34
f 757//154 707//154 708//154 758//154
f 758//155 708//155 699//155 749//155
f 710//155 718//155 738//155 721//155
f 703//34 702//34 712//34 713//34
f 707//34 706//34 716//34 717//34
f 704//34 703//34 713//34 714//34
f 701//34 700//34 709//34 711//34
f 708//34 707//34 717//34 718//34
f 705//34 704//34 714//34 715//34
f 702//34 701//34 711//34 712//34
f 699//34 708//34 718//34 710//34
f 700//34 699//34 710//34 709//34
f 711//149 709//149 720//149 724//149
f 716//153 715//153 732//153 734//153
f 713//150 712//150 726//150 728//150
f 712//48 711//48 724//48 726//48
f 717//45 716//45 734//45 736//45
f 714//151 713//151 728//151 730//151
f 719//34 722//34 737//34 735//34 733//34 731//34 729//34 727//34 725//34 723//34
f 718//154 717//154 736//154 738//154
f 715//152 714//152 730//152 732//152
f 720//156 721//156 722//156 719//156
f 724//157 720//157 719//157 723//157
f 726//158 724//158 723//158 725//158
f 728//159 726//159 725//159 727//159
f 730//160 728//160 727//160 729//160
f 732//161 730//161 729//161 731//161
f 734//162 732//162 731//162 733//162
f 736//163 734//163 733//163 735//163
f 738//164 736//164 735//164 737//164
f 721//165 738//165 737//165 722//165
f 709//148 710//148 721//148 720//148
f 749//148 750//148 740//148 739//148
f 750//149 751//149 741//149 740//149
f 751//48 752//48 742//48 741//48
f 752//150 753//150 743//150 742//150
f 753//151 754//151 744//151 743//151
f 754//152 755//152 745//152 744//152
f 755//153 756//153 746//153 745//153
f 756//45 757//45 747//45 746//45
f 746//33 766//33 765//33 745//33
f 757//154 758//154 748//154 747//154
f 758//155 749//155 739//155 748//155
f 760//155 771//155 788//155 768//155
f 743//33 763//33 762//33 742//33
f 747//33 767//33 766//33 746//33
f 744//33 764//33 763//33 743//33
f 741//33 761//33 759//33 740//33
f 748//33 768//33 767//33 747//33
f 745//33 765//33 764//33 744//33
f 742//33 762//33 761//33 741//33
f 739//33 760//33 768//33 748//33
f 740//33 759//33 760//33 739//33
f 761//149 774//149 770//149 759//149
f 766//153 784//153 782//153 765//153
f 763//150 778//150 776//150 762//150
f 762//48 776//48 774//48 761//48
f 767//45 786//45 784//45 766//45
f 764//151 780//151 778//151 763//151
f 769//33 773//33 775//33 777//33 779//33 781//33 783//33 785//33 787//33 772//33
f 768//154 788//154 786//154 767//154
f 765//152 782//152 780//152 764//152
f 770//166 769//166 772//166 771//166
f 774//167 773//167 769//167 770//167
f 776//168 775//168 773//168 774//168
f 778//169 777//169 775//169 776//169
f 780//170 779//170 777//170 778//170
f 782//171 781//171 779//171 780//171
f 784//172 783//172 781//172 782//172
f 786//173 785//173 783//173 784//173
f 788//174 787//174 785//174 786//174
f 771//175 772//175 787//175 788//175
f 759//148 770//148 771//148 760//148
f 789//45 790//45 792//45 791//45
f 791//33 792//33 796//33 795//33
f 795//176 796//176 794//176 793//176
f 793//34 794//34 790//34 789//34
f 791//43 795//43 793//43 789//43
f 796//50 792//50 790//50 794//50
f 797//177 798//177 800//177 799//177
f 799//178 800//178 802//178 801//178
f 801//179 802//179 804//179 803//179
f 803//180 804//180 806//180 805//180
f 805//181 806//181 808//181 807//181
f 807//182 808//182 810//182 809//182
f 806//50 804//50 816//50 817//50
f 809//183 810//183 812//183 811//183
f 811//184 812//184 798//184 797//184
f 797//43 799//43 801//43 803//43 805//43 807//43 809//43 811//43
f 814//185 820//185 828//185 822//185
f 812//50 810//50 819//50 820//50
f 802//50 800//50 813//50 815//50
f 808//50 806//50 817//50 818//50
f 798//50 812//50 820//50 814//50
f 800//50 798//50 814//50 813//50
f 804//50 802//50 815//50 816//50
f 810//50 808//50 818//50 819//50
f 819//186 818//186 826//186 827//186
f 817//187 816//187 824//187 825//187
f 815//188 813//188 821//188 823//188
f 820//189 819//189 827//189 828//189
f 818//190 817//190 825//190 826//190
f 816//191 815//191 823//191 824//191
f 813//192 814//192 822//192 821//192
usemtl Material.002
f 1111//33 1107//33 1110//33 1112//33
f 1107//33 1106//33 1109//33 1110//33
f 1106//33 1105//33 1108//33 1109//33
f 1105//33 1113//33 1114//33 1108//33
f 1112//33 1116//33 1115//33 1111//33
f 1123//34 1124//34 1122//34 1119//34
f 1119//34 1122//34 1121//34 1118//34
f 1118//34 1121//34 1120//34 1117//34
f 1117//34 1120//34 1126//34 1125//34
f 1124//34 1123//34 1127//34 1128//34
f 1108//268 1114//268 1126//268 1120//268
f 1106//43 1107//43 1119//43 1118//43
f 1110//269 1109//269 1121//269 1122//269
f 1115//270 1116//270 1128//270 1127//270
f 1114//271 1113//271 1125//271 1126//271
f 1105//43 1106//43 1118//43 1117//43
f 1109//272 1108//272 1120//272 1121//272
f 1116//273 1112//273 1124//273 1128//273
f 1113//274 1105//274 1117//274 1125//274
f 1107//43 1111//43 1123//43 1119//43
f 1111//275 1115//275 1127//275 1123//275
f 1112//276 1110//276 1122//276 1124//276
f 1135//34 1136//34 1134//34 1131//34
f 1131//34 1134//34 1133//34 1130//34
f 1130//34 1133//34 1132//34 1129//34
f 1129//34 1132//34 1138//34 1137//34
f 1136//34 1135//34 1139//34 1140//34
f 1147//33 1143//33 1146//33 1148//33
f 1143//33 1142//33 1145//33 1146//33
f 1142//33 1141//33 1144//33 1145//33
f 1141//33 1149//33 1150//33 1144//33
f 1148//33 1152//33 1151//33 1147//33
f 1132//268 1144//268 1150//268 1138//268
f 1130//43 1142//43 1143//43 1131//43
f 1134//269 1146//269 1145//269 1133//269
f 1139//270 1151//270 1152//270 1140//270
f 1138//271 1150//271 1149//271 1137//271
f 1129//43 1141//43 1142//43 1130//43
f 1133//272 1145//272 1144//272 1132//272
f 1140//273 1152//273 1148//273 1136//273
f 1137//274 1149//274 1141//274 1129//274
f 1131//43 1143//43 1147//43 1135//43
f 1135//275 1147//275 1151//275 1139//275
f 1136//276 1148//276 1146//276 1134//276
usemtl Material.004
f 1154//277 1214//277 1213//277 1153//277
f 1155//278 1215//278 1214//278 1154//278
f 1156//279 1216//279 1215//279 1155//279
f 1157//280 1217//280 1216//280 1156//280
f 1158//281 1218//281 1217//281 1157//281
f 1159//282 1219//282 1218//282 1158//282
f 1160//283 1220//283 1219//283 1159//283
f 1161//284 1221//284 1220//284 1160//284
f 1162//285 1222//285 1221//285 1161//285
f 1157//34 1156//34 1168//34 1169//34
f 1163//286 1223//286 1222//286 1162//286
f 1164//287 1224//287 1223//287 1163//287
f 1168//285 1167//285 1179//285 1180//285
f 1153//34 1164//34 1176//34 1166//34
f 1154//34 1153//34 1166//34 1165//34
f 1156//34 1155//34 1167//34 1168//34
f 1164//34 1163//34 1175//34 1176//34
f 1155//34 1154//34 1165//34 1167//34
f 1163//34 1162//34 1174//34 1175//34
f 1162//34 1161//34 1173//34 1174//34
f 1161//34 1160//34 1172//34 1173//34
f 1160//34 1159//34 1171//34 1172//34
f 1159//34 1158//34 1170//34 1171//34
f 1158//34 1157//34 1169//34 1170//34
f 1180//34 1179//34 1191//34 1192//34
f 1175//280 1174//280 1186//280 1187//280
f 1172//277 1171//277 1183//277 1184//277
f 1169//286 1168//286 1180//286 1181//286
f 1176//281 1175//281 1187//281 1188//281
f 1165//283 1166//283 1178//283 1177//283
f 1173//278 1172//278 1184//278 1185//278
f 1170//287 1169//287 1181//287 1182//287
f 1166//282 1176//282 1188//282 1178//282
f 1167//284 1165//284 1177//284 1179//284
f 1174//279 1173//279 1185//279 1186//279
f 1171//288 1170//288 1182//288 1183//288
f 1195//282 1194//282 1206//282 1207//282
f 1187//34 1186//34 1198//34 1199//34
f 1184//34 1183//34 1195//34 1196//34
f 1181//34 1180//34 1192//34 1193//34
f 1188//34 1187//34 1199//34 1200//34
f 1177//34 1178//34 1190//34 1189//34
f 1185//34 1184//34 1196//34 1197//34
f 1182//34 1181//34 1193//34 1194//34
f 1178//34 1188//34 1200//34 1190//34
f 1179//34 1177//34 1189//34 1191//34
f 1186//34 1185//34 1197//34 1198//34
f 1183//34 1182//34 1194//34 1195//34
f 1201//34 1202//34 1212//34 1211//34 1210//34 1209//34 1208//34 1207//34 1206//34 1205//34 1204//34 1203//34
f 1192//279 1191//279 1203//279 1204//279
f 1199//286 1198//286 1210//286 1211//286
f 1196//283 1195//283 1207//283 1208//283
f 1193//280 1192//280 1204//280 1205//280
f 1200//287 1199//287 1211//287 1212//287
f 1189//277 1190//277 1202//277 1201//277
f 1197//284 1196//284 1208//284 1209//284
f 1194//281 1193//281 1205//281 1206//281
f 1190//288 1200//288 1212//288 1202//288
f 1191//278 1189//278 1201//278 1203//278
f 1198//285 1197//285 1209//285 1210//285
f 1217//33 1229//33 1228//33 1216//33
f 1228//285 1240//285 1239//285 1227//285
f 1213//33 1226//33 1236//33 1224//33
f 1214//33 1225//33 1226//33 1213//33
f 1216//33 1228//33 1227//33 1215//33
f 1224//33 1236//33 1235//33 1223//33
f 1215//33 1227//33 1225//33 1214//33
f 1223//33 1235//33 1234//33 1222//33
f 1222//33 1234//33 1233//33 1221//33
f 1221//33 1233//33 1232//33 1220//33
f 1220//33 1232//33 1231//33 1219//33
f 1219//33 1231//33 1230//33 1218//33
f 1218//33 1230//33 1229//33 1217//33
f 1240//33 1252//33 1251//33 1239//33
f 1235//280 1247//280 1246//280 1234//280
f 1232//277 1244//277 1243//277 1231//277
f 1229//286 1241//286 1240//286 1228//286
f 1236//281 1248//281 1247//281 1235//281
f 1225//283 1237//283 1238//283 1226//283
f 1233//278 1245//278 1244//278 1232//278
f 1230//287 1242//287 1241//287 1229//287
f 1226//282 1238//282 1248//282 1236//282
f 1227//284 1239//284 1237//284 1225//284
f 1234//279 1246//279 1245//279 1233//279
f 1231//288 1243//288 1242//288 1230//288
f 1255//282 1267//282 1266//282 1254//282
f 1247//33 1259//33 1258//33 1246//33
f 1244//33 1256//33 1255//33 1243//33
f 1241//33 1253//33 1252//33 1240//33
f 1248//33 1260//33 1259//33 1247//33
f 1237//33 1249//33 1250//33 1238//33
f 1245//33 1257//33 1256//33 1244//33
f 1242//33 1254//33 1253//33 1241//33
f 1238//33 1250//33 1260//33 1248//33
f 1239//33 1251//33 1249//33 1237//33
f 1246//33 1258//33 1257//33 1245//33
f 1243//33 1255//33 1254//33 1242//33
f 1261//33 1263//33 1264//33 1265//33 1266//33 1267//33 1268//33 1269//33 1270//33 1271//33 1272//33 1262//33
f 1252//279 1264//279 1263//279 1251//279
f 1259//286 1271//286 1270//286 1258//286
f 1256//283 1268//283 1267//283 1255//283
f 1253//280 1265//280 1264//280 1252//280
f 1260//287 1272//287 1271//287 1259//287
f 1249//277 1261//277 1262//277 1250//277
f 1257//284 1269//284 1268//284 1256//284
f 1254//281 1266//281 1265//281 1253//281
f 1250//288 1262//288 1272//288 1260//288
f 1251//278 1263//278 1261//278 1249//278
f 1258//285 1270//285 1269//285 1257//285
f 1153//288 1213//288 1224//288 1164//288
f 1274//277 1334//277 1333//277 1273//277
f 1275//278 1335//278 1334//278 1274//278
f 1276//279 1336//279 1335//279 1275//279
f 1277//280 1337//280 1336//280 1276//280
f 1278//281 1338//281 1337//281 1277//281
f 1279//282 1339//282 1338//282 1278//282
f 1280//283 1340//283 1339//283 1279//283
f 1281//284 1341//284 1340//284 1280//284
f 1282//285 1342//285 1341//285 1281//285
f 1277//34 1276//34 1288//34 1289//34
f 1283//286 1343//286 1342//286 1282//286
f 1284//287 1344//287 1343//287 1283//287
f 1288//285 1287//285 1299//285 1300//285
f 1273//34 1284//34 1296//34 1286//34
f 1274//34 1273//34 1286//34 1285//34
f 1276//34 1275//34 1287//34 1288//34
f 1284//34 1283//34 1295//34 1296//34
f 1275//34 1274//34 1285//34 1287//34
f 1283//34 1282//34 1294//34 1295//34
f 1282//34 1281//34 1293//34 1294//34
f 1281//34 1280//34 1292//34 1293//34
f 1280//34 1279//34 1291//34 1292//34
f 1279//34 1278//34 1290//34 1291//34
f 1278//34 1277//34 1289//34 1290//34
f 1300//34 1299//34 1311//34 1312//34
f 1295//280 1294//280 1306//280 1307//280
f 1292//277 1291//277 1303//277 1304//277
f 1289//286 1288//286 1300//286 1301//286
f 1296//281 1295//281 1307//281 1308//281
f 1285//283 1286//283 1298//283 1297//283
f 1293//278 1292//278 1304//278 1305//278
f 1290//287 1289//287 1301//287 1302//287
f 1286//282 1296//282 1308//282 1298//282
f 1287//284 1285//284 1297//284 1299//284
f 1294//279 1293//279 1305//279 1306//279
f 1291//288 1290//288 1302//288 1303//288
f 1315//282 1314//282 1326//282 1327//282
f 1307//34 1306//34 1318//34 1319//34
f 1304//34 1303//34 1315//34 1316//34
f 1301//34 1300//34 1312//34 1313//34
f 1308//34 1307//34 1319//34 1320//34
f 1297//34 1298//34 1310//34 1309//34
f 1305//34 1304//34 1316//34 1317//34
f 1302//34 1301//34 1313//34 1314//34
f 1298//34 1308//34 1320//34 1310//34
f 1299//34 1297//34 1309//34 1311//34
f 1306//34 1305//34 1317//34 1318//34
f 1303//34 1302//34 1314//34 1315//34
f 1321//34 1322//34 1332//34 1331//34 1330//34 1329//34 1328//34 1327//34 1326//34 1325//34 1324//34 1323//34
f 1312//279 1311//279 1323//279 1324//279
f 1319//286 1318//286 1330//286 1331//286
f 1316//283 1315//283 1327//283 1328//283
f 1313//280 1312//280 1324//280 1325//280
f 1320//287 1319//287 1331//287 1332//287
f 1309//277 1310//277 1322//277 1321//277
f 1317//284 1316//284 1328//284 1329//284
f 1314//281 1313//281 1325//281 1326//281
f 1310//288 1320//288 1332//288 1322//288
f 1311//278 1309//278 1321//278 1323//278
f 1318//285 1317//285 1329//285 1330//285
f 1337//33 1349//33 1348//33 1336//33
f 1348//285 1360//285 1359//285 1347//285
f 1333//33 1346//33 1356//33 1344//33
f 1334//33 1345//33 1346//33 1333//33
f 1336//33 1348//33 1347//33 1335//33
f 1344//33 1356//33 1355//33 1343//33
f 1335//33 1347//33 1345//33 1334//33
f 1343//33 1355//33 1354//33 1342//33
f 1342//33 1354//33 1353//33 1341//33
f 1341//33 1353//33 1352//33 1340//33
f 1340//33 1352//33 1351//33 1339//33
f 1339//33 1351//33 1350//33 1338//33
f 1338//33 1350//33 1349//33 1337//33
f 1360//33 1372//33 1371//33 1359//33
f 1355//280 1367//280 1366//280 1354//280
f 1352//277 1364//277 1363//277 1351//277
f 1349//286 1361//286 1360//286 1348//286
f 1356//281 1368//281 1367//281 1355//281
f 1345//283 1357//283 1358//283 1346//283
f 1353//278 1365//278 1364//278 1352//278
f 1350//287 1362//287 1361//287 1349//287
f 1346//282 1358//282 1368//282 1356//282
f 1347//284 1359//284 1357//284 1345//284
f 1354//279 1366//279 1365//279 1353//279
f 1351//288 1363//288 1362//288 1350//288
f 1375//282 1387//282 1386//282 1374//282
f 1367//33 1379//33 1378//33 1366//33
f 1364//33 1376//33 1375//33 1363//33
f 1361//33 1373//33 1372//33 1360//33
f 1368//33 1380//33 1379//33 1367//33
f 1357//33 1369//33 1370//33 1358//33
f 1365//33 1377//33 1376//33 1364//33
f 1362//33 1374//33 1373//33 1361//33
f 1358//33 1370//33 1380//33 1368//33
f 1359//33 1371//33 1369//33 1357//33
f 1366//33 1378//33 1377//33 1365//33
f 1363//33 1375//33 1374//33 1362//33
f 1381//33 1383//33 1384//33 1385//33 1386//33 1387//33 1388//33 1389//33 1390//33 1391//33 1392//33 1382//33
f 1372//279 1384//279 1383//279 1371//279
f 1379//286 1391//286 1390//286 1378//286
f 1376//283 1388//283 1387//283 1375//283
f 1373//280 1385//280 1384//280 1372//280
f 1380//287 1392//287 1391//287 1379//287
f 1369//277 1381//277 1382//277 1370//277
f 1377//284 1389//284 1388//284 1376//284
f 1374//281 1386//281 1385//281 1373//281
f 1370//288 1382//288 1392//288 1380//288
f 1371//278 1383//278 1381//278 1369//278
f 1378//285 1390//285 1389//285 1377//285
f 1273//288 1333//288 1344//288 1284//288
f 1394//277 1454//277 1453//277 1393//277
f 1395//278 1455//278 1454//278 1394//278
f 1396//279 1456//279 1455//279 1395//279
f 1397//280 1457//280 1456//280 1396//280
f 1398//281 1458//281 1457//281 1397//281
f 1399//282 1459//282 1458//282 1398//282
f 1400//283 1460//283 1459//283 1399//283
f 1401//284 1461//284 1460//284 1400//284
f 1402//285 1462//285 1461//285 1401//285
f 1397//34 1396//34 1408//34 1409//34
f 1403//286 1463//286 1462//286 1402//286
f 1404//287 1464//287 1463//287 1403//287
f 1408//285 1407//285 1419//285 1420//285
f 1393//34 1404//34 1416//34 1406//34
f 1394//34 1393//34 1406//34 1405//34
f 1396//34 1395//34 1407//34 1408//34
f 1404//34 1403//34 1415//34 1416//34
f 1395//34 1394//34 1405//34 1407//34
f 1403//34 1402//34 1414//34 1415//34
f 1402//34 1401//34 1413//34 1414//34
f 1401//34 1400//34 1412//34 1413//34
f 1400//34 1399//34 1411//34 1412//34
f 1399//34 1398//34 1410//34 1411//34
f 1398//34 1397//34 1409//34 1410//34
f 1420//34 1419//34 1431//34 1432//34
f 1415//280 1414//280 1426//280 1427//280
f 1412//277 1411//277 1423//277 1424//277
f 1409//286 1408//286 1420//286 1421//286
f 1416//281 1415//281 1427//281 1428//281
f 1405//283 1406//283 1418//283 1417//283
f 1413//278 1412//278 1424//278 1425//278
f 1410//287 1409//287 1421//287 1422//287
f 1406//282 1416//282 1428//282 1418//282
f 1407//284 1405//284 1417//284 1419//284
f 1414//279 1413//279 1425//279 1426//279
f 1411//288 1410//288 1422//288 1423//288
f 1435//282 1434//282 1446//282 1447//282
f 1427//34 1426//34 1438//34 1439//34
f 1424//34 1423//34 1435//34 1436//34
f 1421//34 1420//34 1432//34 1433//34
f 1428//34 1427//34 1439//34 1440//34
f 1417//34 1418//34 1430//34 1429//34
f 1425//34 1424//34 1436//34 1437//34
f 1422//34 1421//34 1433//34 1434//34
f 1418//34 1428//34 1440//34 1430//34
f 1419//34 1417//34 1429//34 1431//34
f 1426//34 1425//34 1437//34 1438//34
f 1423//34 1422//34 1434//34 1435//34
f 1441//34 1442//34 1452//34 1451//34 1450//34 1449//34 1448//34 1447//34 1446//34 1445//34 1444//34 1443//34
f 1432//279 1431//279 1443//279 1444//279
f 1439//286 1438//286 1450//286 1451//286
f 1436//283 1435//283 1447//283 1448//283
f 1433//280 1432//280 1444//280 1445//280
f 1440//287 1439//287 1451//287 1452//287
f 1429//277 1430//277 1442//277 1441//277
f 1437//284 1436//284 1448//284 1449//284
f 1434//281 1433//281 1445//281 1446//281
f 1430//288 1440//288 1452//288 1442//288
f 1431//278 1429//278 1441//278 1443//278
f 1438//285 1437//285 1449//285 1450//285
f 1457//33 1469//33 1468//33 1456//33
f 1468//285 1480//285 1479//285 1467//285
f 1453//33 1466//33 1476//33 1464//33
f 1454//33 1465//33 1466//33 1453//33
f 1456//33 1468//33 1467//33 1455//33
f 1464//33 1476//33 1475//33 1463//33
f 1455//33 1467//33 1465//33 1454//33
f 1463//33 1475//33 1474//33 1462//33
f 1462//33 1474//33 1473//33 1461//33
f 1461//33 1473//33 1472//33 1460//33
f 1460//33 1472//33 1471//33 1459//33
f 1459//33 1471//33 1470//33 1458//33
f 1458//33 1470//33 1469//33 1457//33
f 1480//33 1492//33 1491//33 1479//33
f 1475//280 1487//280 1486//280 1474//280
f 1472//277 1484//277 1483//277 1471//277
f 1469//286 1481//286 1480//286 1468//286
f 1476//281 1488//281 1487//281 1475//281
f 1465//283 1477//283 1478//283 1466//283
f 1473//278 1485//278 1484//278 1472//278
f 1470//287 1482//287 1481//287 1469//287
f 1466//282 1478//282 1488//282 1476//282
f 1467//284 1479//284 1477//284 1465//284
f 1474//279 1486//279 1485//279 1473//279
f 1471//288 1483//288 1482//288 1470//288
f 1495//282 1507//282 1506//282 1494//282
f 1487//33 1499//33 1498//33 1486//33
f 1484//33 1496//33 1495//33 1483//33
f 1481//33 1493//33 1492//33 1480//33
f 1488//33 1500//33 1499//33 1487//33
f 1477//33 1489//33 1490//33 1478//33
f 1485//33 1497//33 1496//33 1484//33
f 1482//33 1494//33 1493//33 1481//33
f 1478//33 1490//33 1500//33 1488//33
f 1479//33 1491//33 1489//33 1477//33
f 1486//33 1498//33 1497//33 1485//33
f 1483//33 1495//33 1494//33 1482//33
f 1501//33 1503//33 1504//33 1505//33 1506//33 1507//33 1508//33 1509//33 1510//33 1511//33 1512//33 1502//33
f 1492//279 1504//279 1503//279 1491//279
f 1499//286 1511//286 1510//286 1498//286
f 1496//283 1508//283 1507//283 1495//283
f 1493//280 1505//280 1504//280 1492//280
f 1500//287 1512//287 1511//287 1499//287
f 1489//277 1501//277 1502//277 1490//277
f 1497//284 1509//284 1508//284 1496//284
f 1494//281 1506//281 1505//281 1493//281
f 1490//288 1502//288 1512//288 1500//288
f 1491//278 1503//278 1501//278 1489//278
f 1498//285 1510//285 1509//285 1497//285
f 1393//288 1453//288 1464//288 1404//288
f 1514//277 1574//277 1573//277 1513//277
f 1515//278 1575//278 1574//278 1514//278
f 1516//279 1576//279 1575//279 1515//279
f 1517//280 1577//280 1576//280 1516//280
f 1518//281 1578//281 1577//281 1517//281
f 1519//282 1579//282 1578//282 1518//282
f 1520//283 1580//283 1579//283 1519//283
f 1521//284 1581//284 1580//284 1520//284
f 1522//285 1582//285 1581//285 1521//285
f 1517//34 1516//34 1528//34 1529//34
f 1523//286 1583//286 1582//286 1522//286
f 1524//287 1584//287 1583//287 1523//287
f 1528//285 1527//285 1539//285 1540//285
f 1513//34 1524//34 1536//34 1526//34
f 1514//34 1513//34 1526//34 1525//34
f 1516//34 1515//34 1527//34 1528//34
f 1524//34 1523//34 1535//34 1536//34
f 1515//34 1514//34 1525//34 1527//34
f 1523//34 1522//34 1534//34 1535//34
f 1522//34 1521//34 1533//34 1534//34
f 1521//34 1520//34 1532//34 1533//34
f 1520//34 1519//34 1531//34 1532//34
f 1519//34 1518//34 1530//34 1531//34
f 1518//34 1517//34 1529//34 1530//34
f 1540//34 1539//34 1551//34 1552//34
f 1535//280 1534//280 1546//280 1547//280
f 1532//277 1531//277 1543//277 1544//277
f 1529//286 1528//286 1540//286 1541//286
f 1536//281 1535//281 1547//281 1548//281
f 1525//283 1526//283 1538//283 1537//283
f 1533//278 1532//278 1544//278 1545//278
f 1530//287 1529//287 1541//287 1542//287
f 1526//282 1536//282 1548//282 1538//282
f 1527//284 1525//284 1537//284 1539//284
f 1534//279 1533//279 1545//279 1546//279
f 1531//288 1530//288 1542//288 1543//288
f 1555//282 1554//282 1566//282 1567//282
f 1547//34 1546//34 1558//34 1559//34
f 1544//34 1543//34 1555//34 1556//34
f 1541//34 1540//34 1552//34 1553//34
f 1548//34 1547//34 1559//34 1560//34
f 1537//34 1538//34 1550//34 1549//34
f 1545//34 1544//34 1556//34 1557//34
f 1542//34 1541//34 1553//34 1554//34
f 1538//34 1548//34 1560//34 1550//34
f 1539//34 1537//34 1549//34 1551//34
f 1546//34 1545//34 1557//34 1558//34
f 1543//34 1542//34 1554//34 1555//34
f 1561//34 1562//34 1572//34 1571//34 1570//34 1569//34 1568//34 1567//34 1566//34 1565//34 1564//34 1563//34
f 1552//279 1551//279 1563//279 1564//279
f 1559//286 1558//286 1570//286 1571//286
f 1556//283 1555//283 1567//283 1568//283
f 1553//280 1552//280 1564//280 1565//280
f 1560//287 1559//287 1571//287 1572//287
f 1549//277 1550//277 1562//277 1561//277
f 1557//284 1556//284 1568//284 1569//284
f 1554//281 1553//281 1565//281 1566//281
f 1550//288 1560//288 1572//288 1562//288
f 1551//278 1549//278 1561//278 1563//278
f 1558//285 1557//285 1569//285 1570//285
f 1577//33 1589//33 1588//33 1576//33
f 1588//285 1600//285 1599//285 1587//285
f 1573//33 1586//33 1596//33 1584//33
f 1574//33 1585//33 1586//33 1573//33
f 1576//33 1588//33 1587//33 1575//33
f 1584//33 1596//33 1595//33 1583//33
f 1575//33 1587//33 1585//33 1574//33
f 1583//33 1595//33 1594//33 1582//33
f 1582//33 1594//33 1593//33 1581//33
f 1581//33 1593//33 1592//33 1580//33
f 1580//33 1592//33 1591//33 1579//33
f 1579//33 1591//33 1590//33 1578//33
f 1578//33 1590//33 1589//33 1577//33
f 1600//33 1612//33 1611//33 1599//33
f 1595//280 1607//280 1606//280 1594//280
f 1592//277 1604//277 1603//277 1591//277
f 1589//286 1601//286 1600//286 1588//286
f 1596//281 1608//281 1607//281 1595//281
f 1585//283 1597//283 1598//283 1586//283
f 1593//278 1605//278 1604//278 1592//278
f 1590//287 1602//287 1601//287 1589//287
f 1586//282 1598//282 1608//282 1596//282
f 1587//284 1599//284 1597//284 1585//284
f 1594//279 1606//279 1605//279 1593//279
f 1591//288 1603//288 1602//288 1590//288
f 1615//282 1627//282 1626//282 1614//282
f 1607//33 1619//33 1618//33 1606//33
f 1604//33 1616//33 1615//33 1603//33
f 1601//33 1613//33 1612//33 1600//33
f 1608//33 1620//33 1619//33 1607//33
f 1597//33 1609//33 1610//33 1598//33
f 1605//33 1617//33 1616//33 1604//33
f 1602//33 1614//33 1613//33 1601//33
f 1598//33 1610//33 1620//33 1608//33
f 1599//33 1611//33 1609//33 1597//33
f 1606//33 1618//33 1617//33 1605//33
f 1603//33 1615//33 1614//33 1602//33
f 1621//33 1623//33 1624//33 1625//33 1626//33 1627//33 1628//33 1629//33 1630//33 1631//33 1632//33 1622//33
f 1612//279 1624//279 1623//279 1611//279
f 1619//286 1631//286 1630//286 1618//286
f 1616//283 1628//283 1627//283 1615//283
f 1613//280 1625//280 1624//280 1612//280
f 1620//287 1632//287 1631//287 1619//287
f 1609//277 1621//277 1622//277 1610//277
f 1617//284 1629//284 1628//284 1616//284
f 1614//281 1626//281 1625//281 1613//281
f 1610//288 1622//288 1632//288 1620//288
f 1611//278 1623//278 1621//278 1609//278
f 1618//285 1630//285 1629//285 1617//285
f 1513//288 1573//288 1584//288 1524//288
f 1634//277 1694//277 1693//277 1633//277
f 1635//278 1695//278 1694//278 1634//278
f 1636//279 1696//279 1695//279 1635//279
f 1637//280 1697//280 1696//280 1636//280
f 1638//281 1698//281 1697//281 1637//281
f 1639//282 1699//282 1698//282 1638//282
f 1640//283 1700//283 1699//283 1639//283
f 1641//284 1701//284 1700//284 1640//284
f 1642//285 1702//285 1701//285 1641//285
f 1637//34 1636//34 1648//34 1649//34
f 1643//286 1703//286 1702//286 1642//286
f 1644//287 1704//287 1703//287 1643//287
f 1648//285 1647//285 1659//285 1660//285
f 1633//34 1644//34 1656//34 1646//34
f 1634//34 1633//34 1646//34 1645//34
f 1636//34 1635//34 1647//34 1648//34
f 1644//34 1643//34 1655//34 1656//34
f 1635//34 1634//34 1645//34 1647//34
f 1643//34 1642//34 1654//34 1655//34
f 1642//34 1641//34 1653//34 1654//34
f 1641//34 1640//34 1652//34 1653//34
f 1640//34 1639//34 1651//34 1652//34
f 1639//34 1638//34 1650//34 1651//34
f 1638//34 1637//34 1649//34 1650//34
f 1660//34 1659//34 1671//34 1672//34
f 1655//280 1654//280 1666//280 1667//280
f 1652//277 1651//277 1663//277 1664//277
f 1649//286 1648//286 1660//286 1661//286
f 1656//281 1655//281 1667//281 1668//281
f 1645//283 1646//283 1658//283 1657//283
f 1653//278 1652//278 1664//278 1665//278
f 1650//287 1649//287 1661//287 1662//287
f 1646//282 1656//282 1668//282 1658//282
f 1647//284 1645//284 1657//284 1659//284
f 1654//279 1653//279 1665//279 1666//279
f 1651//288 1650//288 1662//288 1663//288
f 1675//282 1674//282 1686//282 1687//282
f 1667//34 1666//34 1678//34 1679//34
f 1664//34 1663//34 1675//34 1676//34
f 1661//34 1660//34 1672//34 1673//34
f 1668//34 1667//34 1679//34 1680//34
f 1657//34 1658//34 1670//34 1669//34
f 1665//34 1664//34 1676//34 1677//34
f 1662//34 1661//34 1673//34 1674//34
f 1658//34 1668//34 1680//34 1670//34
f 1659//34 1657//34 1669//34 1671//34
f 1666//34 1665//34 1677//34 1678//34
f 1663//34 1662//34 1674//34 1675//34
f 1681//34 1682//34 1692//34 1691//34 1690//34 1689//34 1688//34 1687//34 1686//34 1685//34 1684//34 1683//34
f 1672//279 1671//279 1683//279 1684//279
f 1679//286 1678//286 1690//286 1691//286
f 1676//283 1675//283 1687//283 1688//283
f 1673//280 1672//280 1684//280 1685//280
f 1680//287 1679//287 1691//287 1692//287
f 1669//277 1670//277 1682//277 1681//277
f 1677//284 1676//284 1688//284 1689//284
f 1674//281 1673//281 1685//281 1686//281
f 1670//288 1680//288 1692//288 1682//288
f 1671//278 1669//278 1681//278 1683//278
f 1678//285 1677//285 1689//285 1690//285
f 1697//33 1709//33 1708//33 1696//33
f 1708//285 1720//285 1719//285 1707//285
f 1693//33 1706//33 1716//33 1704//33
f 1694//33 1705//33 1706//33 1693//33
f 1696//33 1708//33 1707//33 1695//33
f 1704//33 1716//33 1715//33 1703//33
f 1695//33 1707//33 1705//33 1694//33
f 1703//33 1715//33 1714//33 1702//33
f 1702//33 1714//33 1713//33 1701//33
f 1701//33 1713//33 1712//33 1700//33
f 1700//33 1712//33 1711//33 1699//33
f 1699//33 1711//33 1710//33 1698//33
f 1698//33 1710//33 1709//33 1697//33
f 1720//33 1732//33 1731//33 1719//33
f 1715//280 1727//280 1726//280 1714//280
f 1712//277 1724//277 1723//277 1711//277
f 1709//286 1721//286 1720//286 1708//286
f 1716//281 1728//281 1727//281 1715//281
f 1705//283 1717//283 1718//283 1706//283
f 1713//278 1725//278 1724//278 1712//278
f 1710//287 1722//287 1721//287 1709//287
f 1706//282 1718//282 1728//282 1716//282
f 1707//284 1719//284 1717//284 1705//284
f 1714//279 1726//279 1725//279 1713//279
f 1711//288 1723//288 1722//288 1710//288
f 1735//282 1747//282 1746//282 1734//282
f 1727//33 1739//33 1738//33 1726//33
f 1724//33 1736//33 1735//33 1723//33
f 1721//33 1733//33 1732//33 1720//33
f 1728//33 1740//33 1739//33 1727//33
f 1717//33 1729//33 1730//33 1718//33
f 1725//33 1737//33 1736//33 1724//33
f 1722//33 1734//33 1733//33 1721//33
f 1718//33 1730//33 1740//33 1728//33
f 1719//33 1731//33 1729//33 1717//33
f 1726//33 1738//33 1737//33 1725//33
f 1723//33 1735//33 1734//33 1722//33
f 1741//33 1743//33 1744//33 1745//33 1746//33 1747//33 1748//33 1749//33 1750//33 1751//33 1752//33 1742//33
f 1732//279 1744//279 1743//279 1731//279
f 1739//286 1751//286 1750//286 1738//286
f 1736//283 1748//283 1747//283 1735//283
f 1733//280 1745//280 1744//280 1732//280
f 1740//287 1752//287 1751//287 1739//287
f 1729//277 1741//277 1742//277 1730//277
f 1737//284 1749//284 1748//284 1736//284
f 1734//281 1746//281 1745//281 1733//281
f 1730//288 1742//288 1752//288 1740//288
f 1731//278 1743//278 1741//278 1729//278
f 1738//285 1750//285 1749//285 1737//285
f 1633//288 1693//288 1704//288 1644//288
f 1754//277 1814//277 1813//277 1753//277
f 1755//278 1815//278 1814//278 1754//278
f 1756//279 1816//279 1815//279 1755//279
f 1757//280 1817//280 1816//280 1756//280
f 1758//281 1818//281 1817//281 1757//281
f 1759//282 1819//282 1818//282 1758//282
f 1760//283 1820//283 1819//283 1759//283
f 1761//284 1821//284 1820//284 1760//284
f 1762//285 1822//285 1821//285 1761//285
f 1757//34 1756//34 1768//34 1769//34
f 1763//286 1823//286 1822//286 1762//286
f 1764//287 1824//287 1823//287 1763//287
f 1768//285 1767//285 1779//285 1780//285
f 1753//34 1764//34 1776//34 1766//34
f 1754//34 1753//34 1766//34 1765//34
f 1756//34 1755//34 1767//34 1768//34
f 1764//34 1763//34 1775//34 1776//34
f 1755//34 1754//34 1765//34 1767//34
f 1763//34 1762//34 1774//34 1775//34
f 1762//34 1761//34 1773//34 1774//34
f 1761//34 1760//34 1772//34 1773//34
f 1760//34 1759//34 1771//34 1772//34
f 1759//34 1758//34 1770//34 1771//34
f 1758//34 1757//34 1769//34 1770//34
f 1780//34 1779//34 1791//34 1792//34
f 1775//280 1774//280 1786//280 1787//280
f 1772//277 1771//277 1783//277 1784//277
f 1769//286 1768//286 1780//286 1781//286
f 1776//281 1775//281 1787//281 1788//281
f 1765//283 1766//283 1778//283 1777//283
f 1773//278 1772//278 1784//278 1785//278
f 1770//287 1769//287 1781//287 1782//287
f 1766//282 1776//282 1788//282 1778//282
f 1767//284 1765//284 1777//284 1779//284
f 1774//279 1773//279 1785//279 1786//279
f 1771//288 1770//288 1782//288 1783//288
f 1795//282 1794//282 1806//282 1807//282
f 1787//34 1786//34 1798//34 1799//34
f 1784//34 1783//34 1795//34 1796//34
f 1781//34 1780//34 1792//34 1793//34
f 1788//34 1787//34 1799//34 1800//34
f 1777//34 1778//34 1790//34 1789//34
f 1785//34 1784//34 1796//34 1797//34
f 1782//34 1781//34 1793//34 1794//34
f 1778//34 1788//34 1800//34 1790//34
f 1779//34 1777//34 1789//34 1791//34
f 1786//34 1785//34 1797//34 1798//34
f 1783//34 1782//34 1794//34 1795//34
f 1801//34 1802//34 1812//34 1811//34 1810//34 1809//34 1808//34 1807//34 1806//34 1805//34 1804//34 1803//34
f 1792//279 1791//279 1803//279 1804//279
f 1799//286 1798//286 1810//286 1811//286
f 1796//283 1795//283 1807//283 1808//283
f 1793//280 1792//280 1804//280 1805//280
f 1800//287 1799//287 1811//287 1812//287
f 1789//277 1790//277 1802//277 1801//277
f 1797//284 1796//284 1808//284 1809//284
f 1794//281 1793//281 1805//281 1806//281
f 1790//288 1800//288 1812//288 1802//288
f 1791//278 1789//278 1801//278 1803//278
f 1798//285 1797//285 1809//285 1810//285
f 1817//33 1829//33 1828//33 1816//33
f 1828//285 1840//285 1839//285 1827//285
f 1813//33 1826//33 1836//33 1824//33
f 1814//33 1825//33 1826//33 1813//33
f 1816//33 1828//33 1827//33 1815//33
f 1824//33 1836//33 1835//33 1823//33
f 1815//33 1827//33 1825//33 1814//33
f 1823//33 1835//33 1834//33 1822//33
f 1822//33 1834//33 1833//33 1821//33
f 1821//33 1833//33 1832//33 1820//33
f 1820//33 1832//33 1831//33 1819//33
f 1819//33 1831//33 1830//33 1818//33
f 1818//33 1830//33 1829//33 1817//33
f 1840//33 1852//33 1851//33 1839//33
f 1835//280 1847//280 1846//280 1834//280
f 1832//277 1844//277 1843//277 1831//277
f 1829//286 1841//286 1840//286 1828//286
f 1836//281 1848//281 1847//281 1835//281
f 1825//283 1837//283 1838//283 1826//283
f 1833//278 1845//278 1844//278 1832//278
f 1830//287 1842//287 1841//287 1829//287
f 1826//282 1838//282 1848//282 1836//282
f 1827//284 1839//284 1837//284 1825//284
f 1834//279 1846//279 1845//279 1833//279
f 1831//288 1843//288 1842//288 1830//288
f 1855//282 1867//282 1866//282 1854//282
f 1847//33 1859//33 1858//33 1846//33
f 1844//33 1856//33 1855//33 1843//33
f 1841//33 1853//33 1852//33 1840//33
f 1848//33 1860//33 1859//33 1847//33
f 1837//33 1849//33 1850//33 1838//33
f 1845//33 1857//33 1856//33 1844//33
f 1842//33 1854//33 1853//33 1841//33
f 1838//33 1850//33 1860//33 1848//33
f 1839//33 1851//33 1849//33 1837//33
f 1846//33 1858//33 1857//33 1845//33
f 1843//33 1855//33 1854//33 1842//33
f 1861//33 1863//33 1864//33 1865//33 1866//33 1867//33 1868//33 1869//33 1870//33 1871//33 1872//33 1862//33
f 1852//279 1864//279 1863//279 1851//279
f 1859//286 1871//286 1870//286 1858//286
f 1856//283 1868//283 1867//283 1855//283
f 1853//280 1865//280 1864//280 1852//280
f 1860//287 1872//287 1871//287 1859//287
f 1849//277 1861//277 1862//277 1850//277
f 1857//284 1869//284 1868//284 1856//284
f 1854//281 1866//281 1865//281 1853//281
f 1850//288 1862//288 1872//288 1860//288
f 1851//278 1863//278 1861//278 1849//278
f 1858//285 1870//285 1869//285 1857//285
f 1753//288 1813//288 1824//288 1764//288
f 1874//277 1873//277 1933//277 1934//277
f 1875//278 1874//278 1934//278 1935//278
f 1876//279 1875//279 1935//279 1936//279
f 1877//280 1876//280 1936//280 1937//280
f 1878//281 1877//281 1937//281 1938//281
f 1879//282 1878//282 1938//282 1939//282
f 1880//283 1879//283 1939//283 1940//283
f 1881//284 1880//284 1940//284 1941//284
f 1882//285 1881//285 1941//285 1942//285
f 1877//33 1889//33 1888//33 1876//33
f 1883//286 1882//286 1942//286 1943//286
f 1884//287 1883//287 1943//287 1944//287
f 1888//285 1900//285 1899//285 1887//285
f 1873//33 1886//33 1896//33 1884//33
f 1874//33 1885//33 1886//33 1873//33
f 1876//33 1888//33 1887//33 1875//33
f 1884//33 1896//33 1895//33 1883//33
f 1875//33 1887//33 1885//33 1874//33
f 1883//33 1895//33 1894//33 1882//33
f 1882//33 1894//33 1893//33 1881//33
f 1881//33 1893//33 1892//33 1880//33
f 1880//33 1892//33 1891//33 1879//33
f 1879//33 1891//33 1890//33 1878//33
f 1878//33 1890//33 1889//33 1877//33
f 1900//33 1912//33 1911//33 1899//33
f 1895//280 1907//280 1906//280 1894//280
f 1892//277 1904//277 1903//277 1891//277
f 1889//286 1901//286 1900//286 1888//286
f 1896//281 1908//281 1907//281 1895//281
f 1885//283 1897//283 1898//283 1886//283
f 1893//278 1905//278 1904//278 1892//278
f 1890//287 1902//287 1901//287 1889//287
f 1886//282 1898//282 1908//282 1896//282
f 1887//284 1899//284 1897//284 1885//284
f 1894//279 1906//279 1905//279 1893//279
f 1891//288 1903//288 1902//288 1890//288
f 1915//282 1927//282 1926//282 1914//282
f 1907//33 1919//33 1918//33 1906//33
f 1904//33 1916//33 1915//33 1903//33
f 1901//33 1913//33 1912//33 1900//33
f 1908//33 1920//33 1919//33 1907//33
f 1897//33 1909//33 1910//33 1898//33
f 1905//33 1917//33 1916//33 1904//33
f 1902//33 1914//33 1913//33 1901//33
f 1898//33 1910//33 1920//33 1908//33
f 1899//33 1911//33 1909//33 1897//33
f 1906//33 1918//33 1917//33 1905//33
f 1903//33 1915//33 1914//33 1902//33
f 1921//33 1923//33 1924//33 1925//33 1926//33 1927//33 1928//33 1929//33 1930//33 1931//33 1932//33 1922//33
f 1912//279 1924//279 1923//279 1911//279
f 1919//286 1931//286 1930//286 1918//286
f 1916//283 1928//283 1927//283 1915//283
f 1913//280 1925//280 1924//280 1912//280
f 1920//287 1932//287 1931//287 1919//287
f 1909//277 1921//277 1922//277 1910//277
f 1917//284 1929//284 1928//284 1916//284
f 1914//281 1926//281 1925//281 1913//281
f 1910//288 1922//288 1932//288 1920//288
f 1911//278 1923//278 1921//278 1909//278
f 1918//285 1930//285 1929//285 1917//285
f 1937//34 1936//34 1948//34 1949//34
f 1948//285 1947//285 1959//285 1960//285
f 1933//34 1944//34 1956//34 1946//34
f 1934//34 1933//34 1946//34 1945//34
f 1936//34 1935//34 1947//34 1948//34
f 1944//34 1943//34 1955//34 1956//34
f 1935//34 1934//34 1945//34 1947//34
f 1943//34 1942//34 1954//34 1955//34
f 1942//34 1941//34 1953//34 1954//34
f 1941//34 1940//34 1952//34 1953//34
f 1940//34 1939//34 1951//34 1952//34
f 1939//34 1938//34 1950//34 1951//34
f 1938//34 1937//34 1949//34 1950//34
f 1960//34 1959//34 1971//34 1972//34
f 1955//280 1954//280 1966//280 1967//280
f 1952//277 1951//277 1963//277 1964//277
f 1949//286 1948//286 1960//286 1961//286
f 1956//281 1955//281 1967//281 1968//281
f 1945//283 1946//283 1958//283 1957//283
f 1953//278 1952//278 1964//278 1965//278
f 1950//287 1949//287 1961//287 1962//287
f 1946//282 1956//282 1968//282 1958//282
f 1947//284 1945//284 1957//284 1959//284
f 1954//279 1953//279 1965//279 1966//279
f 1951//288 1950//288 1962//288 1963//288
f 1975//282 1974//282 1986//282 1987//282
f 1967//34 1966//34 1978//34 1979//34
f 1964//34 1963//34 1975//34 1976//34
f 1961//34 1960//34 1972//34 1973//34
f 1968//34 1967//34 1979//34 1980//34
f 1957//34 1958//34 1970//34 1969//34
f 1965//34 1964//34 1976//34 1977//34
f 1962//34 1961//34 1973//34 1974//34
f 1958//34 1968//34 1980//34 1970//34
f 1959//34 1957//34 1969//34 1971//34
f 1966//34 1965//34 1977//34 1978//34
f 1963//34 1962//34 1974//34 1975//34
f 1981//34 1982//34 1992//34 1991//34 1990//34 1989//34 1988//34 1987//34 1986//34 1985//34 1984//34 1983//34
f 1972//279 1971//279 1983//279 1984//279
f 1979//286 1978//286 1990//286 1991//286
f 1976//283 1975//283 1987//283 1988//283
f 1973//280 1972//280 1984//280 1985//280
f 1980//287 1979//287 1991//287 1992//287
f 1969//277 1970//277 1982//277 1981//277
f 1977//284 1976//284 1988//284 1989//284
f 1974//281 1973//281 1985//281 1986//281
f 1970//288 1980//288 1992//288 1982//288
f 1971//278 1969//278 1981//278 1983//278
f 1978//285 1977//285 1989//285 1990//285
f 1873//288 1884//288 1944//288 1933//288
f 1994//277 1993//277 2053//277 2054//277
f 1995//278 1994//278 2054//278 2055//278
f 1996//279 1995//279 2055//279 2056//279
f 1997//280 1996//280 2056//280 2057//280
f 1998//281 1997//281 2057//281 2058//281
f 1999//282 1998//282 2058//282 2059//282
f 2000//283 1999//283 2059//283 2060//283
f 2001//284 2000//284 2060//284 2061//284
f 2002//285 2001//285 2061//285 2062//285
f 1997//33 2009//33 2008//33 1996//33
f 2003//286 2002//286 2062//286 2063//286
f 2004//287 2003//287 2063//287 2064//287
f 2008//285 2020//285 2019//285 2007//285
f 1993//33 2006//33 2016//33 2004//33
f 1994//33 2005//33 2006//33 1993//33
f 1996//33 2008//33 2007//33 1995//33
f 2004//33 2016//33 2015//33 2003//33
f 1995//33 2007//33 2005//33 1994//33
f 2003//33 2015//33 2014//33 2002//33
f 2002//33 2014//33 2013//33 2001//33
f 2001//33 2013//33 2012//33 2000//33
f 2000//33 2012//33 2011//33 1999//33
f 1999//33 2011//33 2010//33 1998//33
f 1998//33 2010//33 2009//33 1997//33
f 2020//33 2032//33 2031//33 2019//33
f 2015//280 2027//280 2026//280 2014//280
f 2012//277 2024//277 2023//277 2011//277
f 2009//286 2021//286 2020//286 2008//286
f 2016//281 2028//281 2027//281 2015//281
f 2005//283 2017//283 2018//283 2006//283
f 2013//278 2025//278 2024//278 2012//278
f 2010//287 2022//287 2021//287 2009//287
f 2006//282 2018//282 2028//282 2016//282
f 2007//284 2019//284 2017//284 2005//284
f 2014//279 2026//279 2025//279 2013//279
f 2011//288 2023//288 2022//288 2010//288
f 2035//282 2047//282 2046//282 2034//282
f 2027//33 2039//33 2038//33 2026//33
f 2024//33 2036//33 2035//33 2023//33
f 2021//33 2033//33 2032//33 2020//33
f 2028//33 2040//33 2039//33 2027//33
f 2017//33 2029//33 2030//33 2018//33
f 2025//33 2037//33 2036//33 2024//33
f 2022//33 2034//33 2033//33 2021//33
f 2018//33 2030//33 2040//33 2028//33
f 2019//33 2031//33 2029//33 2017//33
f 2026//33 2038//33 2037//33 2025//33
f 2023//33 2035//33 2034//33 2022//33
f 2041//33 2043//33 2044//33 2045//33 2046//33 2047//33 2048//33 2049//33 2050//33 2051//33 2052//33 2042//33
f 2032//279 2044//279 2043//279 2031//279
f 2039//286 2051//286 2050//286 2038//286
f 2036//283 2048//283 2047//283 2035//283
f 2033//280 2045//280 2044//280 2032//280
f 2040//287 2052//287 2051//287 2039//287
f 2029//277 2041//277 2042//277 2030//277
f 2037//284 2049//284 2048//284 2036//284
f 2034//281 2046//281 2045//281 2033//281
f 2030//288 2042//288 2052//288 2040//288
f 2031//278 2043//278 2041//278 2029//278
f 2038//285 2050//285 2049//285 2037//285
f 2057//34 2056//34 2068//34 2069//34
f 2068//285 2067//285 2079//285 2080//285
f 2053//34 2064//34 2076//34 2066//34
f 2054//34 2053//34 2066//34 2065//34
f 2056//34 2055//34 2067//34 2068//34
f 2064//34 2063//34 2075//34 2076//34
f 2055//34 2054//34 2065//34 2067//34
f 2063//34 2062//34 2074//34 2075//34
f 2062//34 2061//34 2073//34 2074//34
f 2061//34 2060//34 2072//34 2073//34
f 2060//34 2059//34 2071//34 2072//34
f 2059//34 2058//34 2070//34 2071//34
f 2058//34 2057//34 2069//34 2070//34
f 2080//34 2079//34 2091//34 2092//34
f 2075//280 2074//280 2086//280 2087//280
f 2072//277 2071//277 2083//277 2084//277
f 2069//286 2068//286 2080//286 2081//286
f 2076//281 2075//281 2087//281 2088//281
f 2065//283 2066//283 2078//283 2077//283
f 2073//278 2072//278 2084//278 2085//278
f 2070//287 2069//287 2081//287 2082//287
f 2066//282 2076//282 2088//282 2078//282
f 2067//284 2065//284 2077//284 2079//284
f 2074//279 2073//279 2085//279 2086//279
f 2071//288 2070//288 2082//288 2083//288
f 2095//282 2094//282 2106//282 2107//282
f 2087//34 2086//34 2098//34 2099//34
f 2084//34 2083//34 2095//34 2096//34
f 2081//34 2080//34 2092//34 2093//34
f 2088//34 2087//34 2099//34 2100//34
f 2077//34 2078//34 2090//34 2089//34
f 2085//34 2084//34 2096//34 2097//34
f 2082//34 2081//34 2093//34 2094//34
f 2078//34 2088//34 2100//34 2090//34
f 2079//34 2077//34 2089//34 2091//34
f 2086//34 2085//34 2097//34 2098//34
f 2083//34 2082//34 2094//34 2095//34
f 2101//34 2102//34 2112//34 2111//34 2110//34 2109//34 2108//34 2107//34 2106//34 2105//34 2104//34 2103//34
f 2092//279 2091//279 2103//279 2104//279
f 2099//286 2098//286 2110//286 2111//286
f 2096//283 2095//283 2107//283 2108//283
f 2093//280 2092//280 2104//280 2105//280
f 2100//287 2099//287 2111//287 2112//287
f 2089//277 2090//277 2102//277 2101//277
f 2097//284 2096//284 2108//284 2109//284
f 2094//281 2093//281 2105//281 2106//281
f 2090//288 2100//288 2112//288 2102//288
f 2091//278 2089//278 2101//278 2103//278
f 2098//285 2097//285 2109//285 2110//285
f 1993//288 2004//288 2064//288 2053//288
f 2114//277 2113//277 2173//277 2174//277
f 2115//278 2114//278 2174//278 2175//278
f 2116//279 2115//279 2175//279 2176//279
f 2117//280 2116//280 2176//280 2177//280
f 2118//281 2117//281 2177//281 2178//281
f 2119//282 2118//282 2178//282 2179//282
f 2120//283 2119//283 2179//283 2180//283
f 2121//284 2120//284 2180//284 2181//284
f 2122//285 2121//285 2181//285 2182//285
f 2117//33 2129//33 2128//33 2116//33
f 2123//286 2122//286 2182//286 2183//286
f 2124//287 2123//287 2183//287 2184//287
f 2128//285 2140//285 2139//285 2127//285
f 2113//33 2126//33 2136//33 2124//33
f 2114//33 2125//33 2126//33 2113//33
f 2116//33 2128//33 2127//33 2115//33
f 2124//33 2136//33 2135//33 2123//33
f 2115//33 2127//33 2125//33 2114//33
f 2123//33 2135//33 2134//33 2122//33
f 2122//33 2134//33 2133//33 2121//33
f 2121//33 2133//33 2132//33 2120//33
f 2120//33 2132//33 2131//33 2119//33
f 2119//33 2131//33 2130//33 2118//33
f 2118//33 2130//33 2129//33 2117//33
f 2140//33 2152//33 2151//33 2139//33
f 2135//280 2147//280 2146//280 2134//280
f 2132//277 2144//277 2143//277 2131//277
f 2129//286 2141//286 2140//286 2128//286
f 2136//281 2148//281 2147//281 2135//281
f 2125//283 2137//283 2138//283 2126//283
f 2133//278 2145//278 2144//278 2132//278
f 2130//287 2142//287 2141//287 2129//287
f 2126//282 2138//282 2148//282 2136//282
f 2127//284 2139//284 2137//284 2125//284
f 2134//279 2146//279 2145//279 2133//279
f 2131//288 2143//288 2142//288 2130//288
f 2155//282 2167//282 2166//282 2154//282
f 2147//33 2159//33 2158//33 2146//33
f 2144//33 2156//33 2155//33 2143//33
f 2141//33 2153//33 2152//33 2140//33
f 2148//33 2160//33 2159//33 2147//33
f 2137//33 2149//33 2150//33 2138//33
f 2145//33 2157//33 2156//33 2144//33
f 2142//33 2154//33 2153//33 2141//33
f 2138//33 2150//33 2160//33 2148//33
f 2139//33 2151//33 2149//33 2137//33
f 2146//33 2158//33 2157//33 2145//33
f 2143//33 2155//33 2154//33 2142//33
f 2161//33 2163//33 2164//33 2165//33 2166//33 2167//33 2168//33 2169//33 2170//33 2171//33 2172//33 2162//33
f 2152//279 2164//279 2163//279 2151//279
f 2159//286 2171//286 2170//286 2158//286
f 2156//283 2168//283 2167//283 2155//283
f 2153//280 2165//280 2164//280 2152//280
f 2160//287 2172//287 2171//287 2159//287
f 2149//277 2161//277 2162//277 2150//277
f 2157//284 2169//284 2168//284 2156//284
f 2154//281 2166//281 2165//281 2153//281
f 2150//288 2162//288 2172//288 2160//288
f 2151//278 2163//278 2161//278 2149//278
f 2158//285 2170//285 2169//285 2157//285
f 2177//34 2176//34 2188//34 2189//34
f 2188//285 2187//285 2199//285 2200//285
f 2173//34 2184//34 2196//34 2186//34
f 2174//34 2173//34 2186//34 2185//34
f 2176//34 2175//34 2187//34 2188//34
f 2184//34 2183//34 2195//34 2196//34
f 2175//34 2174//34 2185//34 2187//34
f 2183//34 2182//34 2194//34 2195//34
f 2182//34 2181//34 2193//34 2194//34
f 2181//34 2180//34 2192//34 2193//34
f 2180//34 2179//34 2191//34 2192//34
f 2179//34 2178//34 2190//34 2191//34
f 2178//34 2177//34 2189//34 2190//34
f 2200//34 2199//34 2211//34 2212//34
f 2195//280 2194//280 2206//280 2207//280
f 2192//277 2191//277 2203//277 2204//277
f 2189//286 2188//286 2200//286 2201//286
f 2196//281 2195//281 2207//281 2208//281
f 2185//283 2186//283 2198//283 2197//283
f 2193//278 2192//278 2204//278 2205//278
f 2190//287 2189//287 2201//287 2202//287
f 2186//282 2196//282 2208//282 2198//282
f 2187//284 2185//284 2197//284 2199//284
f 2194//279 2193//279 2205//279 2206//279
f 2191//288 2190//288 2202//288 2203//288
f 2215//282 2214//282 2226//282 2227//282
f 2207//34 2206//34 2218//34 2219//34
f 2204//34 2203//34 2215//34 2216//34
f 2201//34 2200//34 2212//34 2213//34
f 2208//34 2207//34 2219//34 2220//34
f 2197//34 2198//34 2210//34 2209//34
f 2205//34 2204//34 2216//34 2217//34
f 2202//34 2201//34 2213//34 2214//34
f 2198//34 2208//34 2220//34 2210//34
f 2199//34 2197//34 2209//34 2211//34
f 2206//34 2205//34 2217//34 2218//34
f 2203//34 2202//34 2214//34 2215//34
f 2221//34 2222//34 2232//34 2231//34 2230//34 2229//34 2228//34 2227//34 2226//34 2225//34 2224//34 2223//34
f 2212//279 2211//279 2223//279 2224//279
f 2219//286 2218//286 2230//286 2231//286
f 2216//283 2215//283 2227//283 2228//283
f 2213//280 2212//280 2224//280 2225//280
f 2220//287 2219//287 2231//287 2232//287
f 2209//277 2210//277 2222//277 2221//277
f 2217//284 2216//284 2228//284 2229//284
f 2214//281 2213//281 2225//281 2226//281
f 2210//288 2220//288 2232//288 2222//288
f 2211//278 2209//278 2221//278 2223//278
f 2218//285 2217//285 2229//285 2230//285
f 2113//288 2124//288 2184//288 2173//288
f 2234//277 2233//277 2293//277 2294//277
f 2235//278 2234//278 2294//278 2295//278
f 2236//279 2235//279 2295//279 2296//279
f 2237//280 2236//280 2296//280 2297//280
f 2238//281 2237//281 2297//281 2298//281
f 2239//282 2238//282 2298//282 2299//282
f 2240//283 2239//283 2299//283 2300//283
f 2241//284 2240//284 2300//284 2301//284
f 2242//285 2241//285 2301//285 2302//285
f 2237//33 2249//33 2248//33 2236//33
f 2243//286 2242//286 2302//286 2303//286
f 2244//287 2243//287 2303//287 2304//287
f 2248//285 2260//285 2259//285 2247//285
f 2233//33 2246//33 2256//33 2244//33
f 2234//33 2245//33 2246//33 2233//33
f 2236//33 2248//33 2247//33 2235//33
f 2244//33 2256//33 2255//33 2243//33
f 2235//33 2247//33 2245//33 2234//33
f 2243//33 2255//33 2254//33 2242//33
f 2242//33 2254//33 2253//33 2241//33
f 2241//33 2253//33 2252//33 2240//33
f 2240//33 2252//33 2251//33 2239//33
f 2239//33 2251//33 2250//33 2238//33
f 2238//33 2250//33 2249//33 2237//33
f 2260//33 2272//33 2271//33 2259//33
f 2255//280 2267//280 2266//280 2254//280
f 2252//277 2264//277 2263//277 2251//277
f 2249//286 2261//286 2260//286 2248//286
f 2256//281 2268//281 2267//281 2255//281
f 2245//283 2257//283 2258//283 2246//283
f 2253//278 2265//278 2264//278 2252//278
f 2250//287 2262//287 2261//287 2249//287
f 2246//282 2258//282 2268//282 2256//282
f 2247//284 2259//284 2257//284 2245//284
f 2254//279 2266//279 2265//279 2253//279
f 2251//288 2263//288 2262//288 2250//288
f 2275//282 2287//282 2286//282 2274//282
f 2267//33 2279//33 2278//33 2266//33
f 2264//33 2276//33 2275//33 2263//33
f 2261//33 2273//33 2272//33 2260//33
f 2268//33 2280//33 2279//33 2267//33
f 2257//33 2269//33 2270//33 2258//33
f 2265//33 2277//33 2276//33 2264//33
f 2262//33 2274//33 2273//33 2261//33
f 2258//33 2270//33 2280//33 2268//33
f 2259//33 2271//33 2269//33 2257//33
f 2266//33 2278//33 2277//33 2265//33
f 2263//33 2275//33 2274//33 2262//33
f 2281//33 2283//33 2284//33 2285//33 2286//33 2287//33 2288//33 2289//33 2290//33 2291//33 2292//33 2282//33
f 2272//279 2284//279 2283//279 2271//279
f 2279//286 2291//286 2290//286 2278//286
f 2276//283 2288//283 2287//283 2275//283
f 2273//280 2285//280 2284//280 2272//280
f 2280//287 2292//287 2291//287 2279//287
f 2269//277 2281//277 2282//277 2270//277
f 2277//284 2289//284 2288//284 2276//284
f 2274//281 2286//281 2285//281 2273//281
f 2270//288 2282//288 2292//288 2280//288
f 2271//278 2283//278 2281//278 2269//278
f 2278//285 2290//285 2289//285 2277//285
f 2297//34 2296//34 2308//34 2309//34
f 2308//285 2307//285 2319//285 2320//285
f 2293//34 2304//34 2316//34 2306//34
f 2294//34 2293//34 2306//34 2305//34
f 2296//34 2295//34 2307//34 2308//34
f 2304//34 2303//34 2315//34 2316//34
f 2295//34 2294//34 2305//34 2307//34
f 2303//34 2302//34 2314//34 2315//34
f 2302//34 2301//34 2313//34 2314//34
f 2301//34 2300//34 2312//34 2313//34
f 2300//34 2299//34 2311//34 2312//34
f 2299//34 2298//34 2310//34 2311//34
f 2298//34 2297//34 2309//34 2310//34
f 2320//34 2319//34 2331//34 2332//34
f 2315//280 2314//280 2326//280 2327//280
f 2312//277 2311//277 2323//277 2324//277
f 2309//286 2308//286 2320//286 2321//286
f 2316//281 2315//281 2327//281 2328//281
f 2305//283 2306//283 2318//283 2317//283
f 2313//278 2312//278 2324//278 2325//278
f 2310//287 2309//287 2321//287 2322//287
f 2306//282 2316//282 2328//282 2318//282
f 2307//284 2305//284 2317//284 2319//284
f 2314//279 2313//279 2325//279 2326//279
f 2311//288 2310//288 2322//288 2323//288
f 2335//282 2334//282 2346//282 2347//282
f 2327//34 2326//34 2338//34 2339//34
f 2324//34 2323//34 2335//34 2336//34
f 2321//34 2320//34 2332//34 2333//34
f 2328//34 2327//34 2339//34 2340//34
f 2317//34 2318//34 2330//34 2329//34
f 2325//34 2324//34 2336//34 2337//34
f 2322//34 2321//34 2333//34 2334//34
f 2318//34 2328//34 2340//34 2330//34
f 2319//34 2317//34 2329//34 2331//34
f 2326//34 2325//34 2337//34 2338//34
f 2323//34 2322//34 2334//34 2335//34
f 2341//34 2342//34 2352//34 2351//34 2350//34 2349//34 2348//34 2347//34 2346//34 2345//34 2344//34 2343//34
f 2332//279 2331//279 2343//279 2344//279
f 2339//286 2338//286 2350//286 2351//286
f 2336//283 2335//283 2347//283 2348//283
f 2333//280 2332//280 2344//280 2345//280
f 2340//287 2339//287 2351//287 2352//287
f 2329//277 2330//277 2342//277 2341//277
f 2337//284 2336//284 2348//284 2349//284
f 2334//281 2333//281 2345//281 2346//281
f 2330//288 2340//288 2352//288 2342//288
f 2331//278 2329//278 2341//278 2343//278
f 2338//285 2337//285 2349//285 2350//285
f 2233//288 2244//288 2304//288 2293//288
f 2354//277 2353//277 2413//277 2414//277
f 2355//278 2354//278 2414//278 2415//278
f 2356//279 2355//279 2415//279 2416//279
f 2357//280 2356//280 2416//280 2417//280
f 2358//281 2357//281 2417//281 2418//281
f 2359//282 2358//282 2418//282 2419//282
f 2360//283 2359//283 2419//283 2420//283
f 2361//284 2360//284 2420//284 2421//284
f 2362//285 2361//285 2421//285 2422//285
f 2357//33 2369//33 2368//33 2356//33
f 2363//286 2362//286 2422//286 2423//286
f 2364//287 2363//287 2423//287 2424//287
f 2368//285 2380//285 2379//285 2367//285
f 2353//33 2366//33 2376//33 2364//33
f 2354//33 2365//33 2366//33 2353//33
f 2356//33 2368//33 2367//33 2355//33
f 2364//33 2376//33 2375//33 2363//33
f 2355//33 2367//33 2365//33 2354//33
f 2363//33 2375//33 2374//33 2362//33
f 2362//33 2374//33 2373//33 2361//33
f 2361//33 2373//33 2372//33 2360//33
f 2360//33 2372//33 2371//33 2359//33
f 2359//33 2371//33 2370//33 2358//33
f 2358//33 2370//33 2369//33 2357//33
f 2380//33 2392//33 2391//33 2379//33
f 2375//280 2387//280 2386//280 2374//280
f 2372//277 2384//277 2383//277 2371//277
f 2369//286 2381//286 2380//286 2368//286
f 2376//281 2388//281 2387//281 2375//281
f 2365//283 2377//283 2378//283 2366//283
f 2373//278 2385//278 2384//278 2372//278
f 2370//287 2382//287 2381//287 2369//287
f 2366//282 2378//282 2388//282 2376//282
f 2367//284 2379//284 2377//284 2365//284
f 2374//279 2386//279 2385//279 2373//279
f 2371//288 2383//288 2382//288 2370//288
f 2395//282 2407//282 2406//282 2394//282
f 2387//33 2399//33 2398//33 2386//33
f 2384//33 2396//33 2395//33 2383//33
f 2381//33 2393//33 2392//33 2380//33
f 2388//33 2400//33 2399//33 2387//33
f 2377//33 2389//33 2390//33 2378//33
f 2385//33 2397//33 2396//33 2384//33
f 2382//33 2394//33 2393//33 2381//33
f 2378//33 2390//33 2400//33 2388//33
f 2379//33 2391//33 2389//33 2377//33
f 2386//33 2398//33 2397//33 2385//33
f 2383//33 2395//33 2394//33 2382//33
f 2401//33 2403//33 2404//33 2405//33 2406//33 2407//33 2408//33 2409//33 2410//33 2411//33 2412//33 2402//33
f 2392//279 2404//279 2403//279 2391//279
f 2399//286 2411//286 2410//286 2398//286
f 2396//283 2408//283 2407//283 2395//283
f 2393//280 2405//280 2404//280 2392//280
f 2400//287 2412//287 2411//287 2399//287
f 2389//277 2401//277 2402//277 2390//277
f 2397//284 2409//284 2408//284 2396//284
f 2394//281 2406//281 2405//281 2393//281
f 2390//288 2402//288 2412//288 2400//288
f 2391//278 2403//278 2401//278 2389//278
f 2398//285 2410//285 2409//285 2397//285
f 2417//34 2416//34 2428//34 2429//34
f 2428//285 2427//285 2439//285 2440//285
f 2413//34 2424//34 2436//34 2426//34
f 2414//34 2413//34 2426//34 2425//34
f 2416//34 2415//34 2427//34 2428//34
f 2424//34 2423//34 2435//34 2436//34
f 2415//34 2414//34 2425//34 2427//34
f 2423//34 2422//34 2434//34 2435//34
f 2422//34 2421//34 2433//34 2434//34
f 2421//34 2420//34 2432//34 2433//34
f 2420//34 2419//34 2431//34 2432//34
f 2419//34 2418//34 2430//34 2431//34
f 2418//34 2417//34 2429//34 2430//34
f 2440//34 2439//34 2451//34 2452//34
f 2435//280 2434//280 2446//280 2447//280
f 2432//277 2431//277 2443//277 2444//277
f 2429//286 2428//286 2440//286 2441//286
f 2436//281 2435//281 2447//281 2448//281
f 2425//283 2426//283 2438//283 2437//283
f 2433//278 2432//278 2444//278 2445//278
f 2430//287 2429//287 2441//287 2442//287
f 2426//282 2436//282 2448//282 2438//282
f 2427//284 2425//284 2437//284 2439//284
f 2434//279 2433//279 2445//279 2446//279
f 2431//288 2430//288 2442//288 2443//288
f 2455//282 2454//282 2466//282 2467//282
f 2447//34 2446//34 2458//34 2459//34
f 2444//34 2443//34 2455//34 2456//34
f 2441//34 2440//34 2452//34 2453//34
f 2448//34 2447//34 2459//34 2460//34
f 2437//34 2438//34 2450//34 2449//34
f 2445//34 2444//34 2456//34 2457//34
f 2442//34 2441//34 2453//34 2454//34
f 2438//34 2448//34 2460//34 2450//34
f 2439//34 2437//34 2449//34 2451//34
f 2446//34 2445//34 2457//34 2458//34
f 2443//34 2442//34 2454//34 2455//34
f 2461//34 2462//34 2472//34 2471//34 2470//34 2469//34 2468//34 2467//34 2466//34 2465//34 2464//34 2463//34
f 2452//279 2451//279 2463//279 2464//279
f 2459//286 2458//286 2470//286 2471//286
f 2456//283 2455//283 2467//283 2468//283
f 2453//280 2452//280 2464//280 2465//280
f 2460//287 2459//287 2471//287 2472//287
f 2449//277 2450//277 2462//277 2461//277
f 2457//284 2456//284 2468//284 2469//284
f 2454//281 2453//281 2465//281 2466//281
f 2450//288 2460//288 2472//288 2462//288
f 2451//278 2449//278 2461//278 2463//278
f 2458//285 2457//285 2469//285 2470//285
f 2353//288 2364//288 2424//288 2413//288
f 2474//277 2473//277 2533//277 2534//277
f 2475//278 2474//278 2534//278 2535//278
f 2476//279 2475//279 2535//279 2536//279
f 2477//280 2476//280 2536//280 2537//280
f 2478//281 2477//281 2537//281 2538//281
f 2479//282 2478//282 2538//282 2539//282
f 2480//283 2479//283 2539//283 2540//283
f 2481//284 2480//284 2540//284 2541//284
f 2482//285 2481//285 2541//285 2542//285
f 2477//33 2489//33 2488//33 2476//33
f 2483//286 2482//286 2542//286 2543//286
f 2484//287 2483//287 2543//287 2544//287
f 2488//285 2500//285 2499//285 2487//285
f 2473//33 2486//33 2496//33 2484//33
f 2474//33 2485//33 2486//33 2473//33
f 2476//33 2488//33 2487//33 2475//33
f 2484//33 2496//33 2495//33 2483//33
f 2475//33 2487//33 2485//33 2474//33
f 2483//33 2495//33 2494//33 2482//33
f 2482//33 2494//33 2493//33 2481//33
f 2481//33 2493//33 2492//33 2480//33
f 2480//33 2492//33 2491//33 2479//33
f 2479//33 2491//33 2490//33 2478//33
f 2478//33 2490//33 2489//33 2477//33
f 2500//33 2512//33 2511//33 2499//33
f 2495//280 2507//280 2506//280 2494//280
f 2492//277 2504//277 2503//277 2491//277
f 2489//286 2501//286 2500//286 2488//286
f 2496//281 2508//281 2507//281 2495//281
f 2485//283 2497//283 2498//283 2486//283
f 2493//278 2505//278 2504//278 2492//278
f 2490//287 2502//287 2501//287 2489//287
f 2486//282 2498//282 2508//282 2496//282
f 2487//284 2499//284 2497//284 2485//284
f 2494//279 2506//279 2505//279 2493//279
f 2491//288 2503//288 2502//288 2490//288
f 2515//282 2527//282 2526//282 2514//282
f 2507//33 2519//33 2518//33 2506//33
f 2504//33 2516//33 2515//33 2503//33
f 2501//33 2513//33 2512//33 2500//33
f 2508//33 2520//33 2519//33 2507//33
f 2497//33 2509//33 2510//33 2498//33
f 2505//33 2517//33 2516//33 2504//33
f 2502//33 2514//33 2513//33 2501//33
f 2498//33 2510//33 2520//33 2508//33
f 2499//33 2511//33 2509//33 2497//33
f 2506//33 2518//33 2517//33 2505//33
f 2503//33 2515//33 2514//33 2502//33
f 2521//33 2523//33 2524//33 2525//33 2526//33 2527//33 2528//33 2529//33 2530//33 2531//33 2532//33 2522//33
f 2512//279 2524//279 2523//279 2511//279
f 2519//286 2531//286 2530//286 2518//286
f 2516//283 2528//283 2527//283 2515//283
f 2513//280 2525//280 2524//280 2512//280
f 2520//287 2532//287 2531//287 2519//287
f 2509//277 2521//277 2522//277 2510//277
f 2517//284 2529//284 2528//284 2516//284
f 2514//281 2526//281 2525//281 2513//281
f 2510//288 2522//288 2532//288 2520//288
f 2511//278 2523//278 2521//278 2509//278
f 2518//285 2530//285 2529//285 2517//285
f 2537//34 2536//34 2548//34 2549//34
f 2548//285 2547//285 2559//285 2560//285
f 2533//34 2544//34 2556//34 2546//34
f 2534//34 2533//34 2546//34 2545//34
f 2536//34 2535//34 2547//34 2548//34
f 2544//34 2543//34 2555//34 2556//34
f 2535//34 2534//34 2545//34 2547//34
f 2543//34 2542//34 2554//34 2555//34
f 2542//34 2541//34 2553//34 2554//34
f 2541//34 2540//34 2552//34 2553//34
f 2540//34 2539//34 2551//34 2552//34
f 2539//34 2538//34 2550//34 2551//34
f 2538//34 2537//34 2549//34 2550//34
f 2560//34 2559//34 2571//34 2572//34
f 2555//280 2554//280 2566//280 2567//280
f 2552//277 2551//277 2563//277 2564//277
f 2549//286 2548//286 2560//286 2561//286
f 2556//281 2555//281 2567//281 2568//281
f 2545//283 2546//283 2558//283 2557//283
f 2553//278 2552//278 2564//278 2565//278
f 2550//287 2549//287 2561//287 2562//287
f 2546//282 2556//282 2568//282 2558//282
f 2547//284 2545//284 2557//284 2559//284
f 2554//279 2553//279 2565//279 2566//279
f 2551//288 2550//288 2562//288 2563//288
f 2575//282 2574//282 2586//282 2587//282
f 2567//34 2566//34 2578//34 2579//34
f 2564//34 2563//34 2575//34 2576//34
f 2561//34 2560//34 2572//34 2573//34
f 2568//34 2567//34 2579//34 2580//34
f 2557//34 2558//34 2570//34 2569//34
f 2565//34 2564//34 2576//34 2577//34
f 2562//34 2561//34 2573//34 2574//34
f 2558//34 2568//34 2580//34 2570//34
f 2559//34 2557//34 2569//34 2571//34
f 2566//34 2565//34 2577//34 2578//34
f 2563//34 2562//34 2574//34 2575//34
f 2581//34 2582//34 2592//34 2591//34 2590//34 2589//34 2588//34 2587//34 2586//34 2585//34 2584//34 2583//34
f 2572//279 2571//279 2583//279 2584//279
f 2579//286 2578//286 2590//286 2591//286
f 2576//283 2575//283 2587//283 2588//283
f 2573//280 2572//280 2584//280 2585//280
f 2580//287 2579//287 2591//287 2592//287
f 2569//277 2570//277 2582//277 2581//277
f 2577//284 2576//284 2588//284 2589//284
f 2574//281 2573//281 2585//281 2586//281
f 2570//288 2580//288 2592//288 2582//288
f 2571//278 2569//278 2581//278 2583//278
f 2578//285 2577//285 2589//285 2590//285
f 2473//288 2484//288 2544//288 2533//288
o TrackMesh.R
v 0.704563 0.168846 -5.041524
v -0.557195 0.168846 -5.041524
v 0.704563 0.168845 -3.029706
v -0.557195 0.168846 -3.029706
v 0.704563 0.433817 -5.041524
v -0.557195 0.433818 -5.041524
v -0.557195 0.433817 -3.029706
v 0.704563 0.433817 -3.029706
v 0.413758 0.168846 -5.041524
v -0.266390 0.168846 -5.041524
v -0.266390 0.168846 -3.029706
v 0.413759 0.168845 -3.029706
v -0.266390 0.433817 -3.029706
v 0.413759 0.433817 -3.029706
v 0.413759 0.433818 -5.041524
v -0.266390 0.433818 -5.041524
v 0.345664 -0.013179 -5.041525
v -0.198296 -0.013179 -5.041525
v -0.198296 -0.013180 -3.029706
v 0.345664 -0.013180 -3.029706
v 2.104563 0.168846 -5.041524
v 0.842805 0.168846 -5.041524
v 2.104563 0.168845 -3.029706
v 0.842805 0.168846 -3.029706
v 2.104563 0.433817 -5.041524
v 0.842805 0.433818 -5.041524
v 0.842805 0.433817 -3.029706
v 2.104563 0.433817 -3.029706
v 1.813758 0.168846 -5.041524
v 1.133610 0.168846 -5.041524
v 1.133610 0.168845 -3.029706
v 1.813758 0.168845 -3.029706
v 1.133610 0.433817 -3.029706
v 1.813759 0.433817 -3.029706
v 1.813758 0.433817 -5.041524
v 1.133610 0.433818 -5.041524
v 1.745664 -0.013179 -5.041525
v 1.201704 -0.013179 -5.041525
v 1.201704 -0.013180 -3.029706
v 1.745664 -0.013180 -3.029706
v 3.504563 0.168846 -5.041525
v 2.242805 0.168846 -5.041525
v 3.504563 0.168845 -3.029706
v 2.242805 0.168845 -3.029706
v 3.504563 0.433817 -5.041525
v 2.242805 0.433818 -5.041525
v 2.242805 0.433817 -3.029706
v 3.504563 0.433816 -3.029706
v 3.213758 0.168846 -5.041525
v 2.533609 0.168846 -5.041525
v 2.533609 0.168845 -3.029706
v 3.213758 0.168845 -3.029706
v 2.533610 0.433817 -3.029706
v 3.213758 0.433817 -3.029706
v 3.213758 0.433817 -5.041525
v 2.533609 0.433818 -5.041525
v 3.145663 -0.013179 -5.041525
v 2.601704 -0.013179 -5.041525
v 2.601704 -0.013180 -3.029706
v 3.145664 -0.013180 -3.029706
v 4.904563 0.168846 -5.041525
v 3.642805 0.168846 -5.041525
v 4.904563 0.168845 -3.029706
v 3.642805 0.168845 -3.029706
v 4.904563 0.433817 -5.041525
v 3.642805 0.433818 -5.041525
v 3.642805 0.433817 -3.029706
v 4.904563 0.433816 -3.029706
v 4.613759 0.168846 -5.041525
v 3.933609 0.168846 -5.041525
v 3.933609 0.168845 -3.029706
v 4.613759 0.168845 -3.029706
v 3.933610 0.433817 -3.029706
v 4.613759 0.433816 -3.029706
v 4.613759 0.433817 -5.041525
v 3.933609 0.433817 -5.041525
v 4.545664 -0.013179 -5.041525
v 4.001704 -0.013179 -5.041525
v 4.001704 -0.013180 -3.029706
v 4.545664 -0.013180 -3.029706
v 6.307194 0.198168 -5.041525
v 5.046697 0.141787 -5.041525
v 6.307194 0.198167 -3.029706
v 5.046697 0.141787 -3.029706
v 6.295354 0.462874 -5.041525
v 5.034857 0.406494 -5.041525
v 5.034857 0.406493 -3.029706
v 6.295354 0.462874 -3.029706
v 6.016680 0.185173 -5.041525
v 5.337210 0.154782 -5.041525
v 5.337210 0.154781 -3.029706
v 6.016681 0.185173 -3.029706
v 5.325371 0.419488 -3.029706
v 6.004841 0.449879 -3.029706
v 6.004841 0.449880 -5.041525
v 5.325370 0.419488 -5.041525
v 5.956787 0.000287 -5.041525
v 5.413371 -0.024019 -5.041525
v 5.413371 -0.024020 -3.029706
v 5.956787 0.000287 -3.029706
v -2.095438 0.168846 -5.041524
v -3.357196 0.168847 -5.041524
v -2.095438 0.168845 -3.029706
v -3.357195 0.168846 -3.029706
v -2.095438 0.433818 -5.041524
v -3.357195 0.433818 -5.041524
v -3.357195 0.433817 -3.029706
v -2.095437 0.433817 -3.029706
v -2.386242 0.168846 -5.041524
v -3.066391 0.168846 -5.041524
v -3.066391 0.168846 -3.029706
v -2.386242 0.168846 -3.029706
v -3.066391 0.433817 -3.029706
v -2.386242 0.433817 -3.029706
v -2.386242 0.433818 -5.041524
v -3.066391 0.433818 -5.041524
v -2.454337 -0.013179 -5.041524
v -2.998296 -0.013178 -5.041524
v -2.998296 -0.013179 -3.029706
v -2.454337 -0.013179 -3.029706
v -0.695437 0.168846 -5.041524
v -1.957195 0.168846 -5.041524
v -0.695437 0.168845 -3.029706
v -1.957195 0.168846 -3.029706
v -0.695437 0.433818 -5.041524
v -1.957195 0.433818 -5.041524
v -1.957195 0.433817 -3.029706
v -0.695437 0.433817 -3.029706
v -0.986242 0.168846 -5.041524
v -1.666391 0.168846 -5.041524
v -1.666390 0.168846 -3.029706
v -0.986242 0.168845 -3.029706
v -1.666390 0.433817 -3.029706
v -0.986241 0.433817 -3.029706
v -0.986242 0.433818 -5.041524
v -1.666390 0.433818 -5.041524
v -1.054336 -0.013179 -5.041525
v -1.598296 -0.013179 -5.041525
v -1.598296 -0.013179 -3.029706
v -1.054336 -0.013180 -3.029706
v -3.495438 0.168846 -5.041524
v -4.757195 0.168847 -5.041524
v -3.495438 0.168846 -3.029706
v -4.757195 0.168846 -3.029706
v -3.495438 0.433818 -5.041524
v -4.757195 0.433818 -5.041524
v -4.757195 0.433818 -3.029706
v -3.495437 0.433817 -3.029706
v -3.786242 0.168846 -5.041524
v -4.466391 0.168847 -5.041524
v -4.466391 0.168846 -3.029706
v -3.786242 0.168846 -3.029706
v -4.466391 0.433818 -3.029706
v -3.786242 0.433817 -3.029706
v -3.786242 0.433818 -5.041524
v -4.466391 0.433818 -5.041524
v -3.854337 -0.013179 -5.041524
v -4.398296 -0.013178 -5.041524
v -4.398296 -0.013179 -3.029706
v -3.854337 -0.013179 -3.029706
v -4.895438 0.168846 -5.041524
v -6.157196 0.168847 -5.041524
v -4.895438 0.168846 -3.029706
v -6.157196 0.168846 -3.029706
v -4.895438 0.433818 -5.041524
v -6.157196 0.433818 -5.041524
v -6.157196 0.433818 -3.029706
v -4.895438 0.433817 -3.029706
v -5.186243 0.168846 -5.041524
v -5.866391 0.168847 -5.041524
v -5.866391 0.168846 -3.029706
v -5.186242 0.168846 -3.029706
v -5.866391 0.433818 -3.029706
v -5.186242 0.433817 -3.029706
v -5.186242 0.433818 -5.041524
v -5.866391 0.433818 -5.041524
v -5.254337 -0.013178 -5.041524
v -5.798296 -0.013178 -5.041524
v -5.798296 -0.013179 -3.029706
v -5.254337 -0.013179 -3.029706
v 6.481143 2.531996 -5.041524
v 7.334563 1.602638 -5.041524
v 6.481143 2.531996 -3.029705
v 7.334563 1.602638 -3.029705
v 6.285975 2.352776 -5.041524
v 7.139396 1.423418 -5.041524
v 7.139397 1.423418 -3.029705
v 6.285975 2.352776 -3.029705
v 6.677835 2.317802 -5.041524
v 7.137870 1.816833 -5.041524
v 7.137870 1.816833 -3.029705
v 6.677835 2.317801 -3.029705
v 6.942703 1.637612 -3.029705
v 6.482668 2.138582 -3.029705
v 6.482668 2.138582 -5.041524
v 6.942703 1.637612 -5.041524
v 6.857964 2.390763 -5.041524
v 7.225885 1.990105 -5.041524
v 7.225885 1.990105 -3.029705
v 6.857965 2.390763 -3.029705
v 7.386853 1.144349 -5.041524
v 6.643849 0.124557 -5.041524
v 7.386854 1.144349 -3.029705
v 6.643849 0.124556 -3.029706
v 7.172695 1.300382 -5.041524
v 6.429690 0.280589 -5.041524
v 6.429691 0.280589 -3.029706
v 7.172695 1.300382 -3.029705
v 7.215609 0.909312 -5.041524
v 6.815093 0.359594 -5.041524
v 6.815094 0.359594 -3.029706
v 7.215609 0.909312 -3.029706
v 6.600935 0.515626 -3.029706
v 7.001451 1.065344 -3.029706
v 7.001450 1.065344 -5.041524
v 6.600935 0.515626 -5.041524
v 7.322628 0.747088 -5.041524
v 7.002310 0.307442 -5.041524
v 7.002310 0.307442 -3.029706
v 7.322629 0.747087 -3.029706
v -7.386775 1.458317 -5.041524
v -6.643771 2.478110 -5.041524
v -7.386775 1.458317 -3.029705
v -6.643771 2.478110 -3.029705
v -7.172616 1.302285 -5.041524
v -6.429612 2.322078 -5.041524
v -6.429613 2.322077 -3.029705
v -7.172617 1.302284 -3.029705
v -7.215530 1.693355 -5.041524
v -6.815015 2.243073 -5.041524
v -6.815015 2.243072 -3.029705
v -7.215530 1.693354 -3.029705
v -6.600857 2.087040 -3.029705
v -7.001373 1.537322 -3.029705
v -7.001372 1.537322 -5.041524
v -6.600857 2.087040 -5.041524
v -7.322550 1.855579 -5.041524
v -7.002233 2.295224 -5.041524
v -7.002233 2.295224 -3.029705
v -7.322551 1.855579 -3.029705
v -6.481090 0.070669 -5.041524
v -7.334511 1.000026 -5.041524
v -6.481090 0.070669 -3.029706
v -7.334511 1.000026 -3.029705
v -6.285923 0.249889 -5.041524
v -7.139344 1.179246 -5.041524
v -7.139345 1.179246 -3.029705
v -6.285923 0.249889 -3.029706
v -6.677782 0.284863 -5.041524
v -7.137818 0.785832 -5.041524
v -7.137818 0.785832 -3.029706
v -6.677783 0.284863 -3.029706
v -6.942651 0.965052 -3.029706
v -6.482615 0.464083 -3.029706
v -6.482615 0.464084 -5.041524
v -6.942651 0.965052 -5.041524
v -6.857912 0.211902 -5.041524
v -7.225832 0.612559 -5.041524
v -7.225832 0.612559 -3.029706
v -6.857912 0.211901 -3.029706
v 4.895437 2.433817 -5.041524
v 6.157195 2.433817 -5.041524
v 4.895437 2.433817 -3.029705
v 6.157195 2.433817 -3.029705
v 4.895437 2.168846 -5.041524
v 6.157195 2.168846 -5.041524
v 6.157195 2.168846 -3.029705
v 4.895437 2.168846 -3.029705
v 5.186242 2.433817 -5.041524
v 5.866391 2.433817 -5.041524
v 5.866391 2.433817 -3.029705
v 5.186242 2.433817 -3.029705
v 5.866391 2.168846 -3.029705
v 5.186242 2.168846 -3.029705
v 5.186242 2.168846 -5.041524
v 5.866391 2.168846 -5.041524
v 5.254336 2.615842 -5.041524
v 5.798296 2.615842 -5.041524
v 5.798296 2.615842 -3.029705
v 5.254336 2.615842 -3.029705
v 3.495437 2.433817 -5.041524
v 4.757195 2.433817 -5.041524
v 3.495437 2.433817 -3.029705
v 4.757195 2.433817 -3.029705
v 3.495437 2.168846 -5.041524
v 4.757195 2.168846 -5.041524
v 4.757195 2.168846 -3.029705
v 3.495437 2.168846 -3.029705
v 3.786242 2.433817 -5.041524
v 4.466391 2.433817 -5.041524
v 4.466391 2.433817 -3.029705
v 3.786242 2.433817 -3.029705
v 4.466391 2.168846 -3.029705
v 3.786242 2.168846 -3.029705
v 3.786242 2.168846 -5.041524
v 4.466391 2.168846 -5.041524
v 3.854336 2.615842 -5.041524
v 4.398296 2.615842 -5.041524
v 4.398296 2.615842 -3.029705
v 3.854336 2.615842 -3.029705
v 0.695437 2.433817 -5.041524
v 1.957195 2.433817 -5.041524
v 0.695437 2.433817 -3.029705
v 1.957195 2.433817 -3.029705
v 0.695437 2.168846 -5.041524
v 1.957195 2.168846 -5.041524
v 1.957195 2.168846 -3.029705
v 0.695437 2.168846 -3.029705
v 0.986242 2.433817 -5.041524
v 1.666390 2.433817 -5.041524
v 1.666390 2.433817 -3.029705
v 0.986242 2.433817 -3.029705
v 1.666390 2.168846 -3.029705
v 0.986242 2.168846 -3.029705
v 0.986242 2.168846 -5.041524
v 1.666390 2.168846 -5.041524
v 1.054336 2.615842 -5.041524
v 1.598296 2.615842 -5.041524
v 1.598296 2.615842 -3.029705
v 1.054336 2.615842 -3.029705
v 2.095437 2.433817 -5.041524
v 3.357195 2.433817 -5.041524
v 2.095437 2.433817 -3.029705
v 3.357195 2.433817 -3.029705
v 2.095437 2.168846 -5.041524
v 3.357195 2.168846 -5.041524
v 3.357195 2.168846 -3.029705
v 2.095437 2.168846 -3.029705
v 2.386242 2.433817 -5.041524
v 3.066391 2.433817 -5.041524
v 3.066390 2.433817 -3.029705
v 2.386241 2.433817 -3.029705
v 3.066390 2.168846 -3.029705
v 2.386241 2.168846 -3.029705
v 2.386242 2.168846 -5.041524
v 3.066391 2.168846 -5.041524
v 2.454336 2.615842 -5.041524
v 2.998296 2.615842 -5.041524
v 2.998296 2.615842 -3.029705
v 2.454336 2.615842 -3.029705
v -6.307144 2.404496 -5.041524
v -5.046646 2.460877 -5.041524
v -6.307144 2.404496 -3.029705
v -5.046646 2.460877 -3.029705
v -6.295304 2.139790 -5.041524
v -5.034806 2.196170 -5.041524
v -5.034806 2.196170 -3.029705
v -6.295304 2.139790 -3.029705
v -6.016630 2.417491 -5.041524
v -5.337160 2.447883 -5.041524
v -5.337160 2.447883 -3.029705
v -6.016630 2.417491 -3.029705
v -5.325320 2.183176 -3.029705
v -6.004790 2.152784 -3.029705
v -6.004790 2.152784 -5.041524
v -5.325320 2.183176 -5.041524
v -5.956737 2.602376 -5.041524
v -5.413321 2.626683 -5.041524
v -5.413321 2.626683 -3.029705
v -5.956737 2.602376 -3.029705
v -4.904563 2.433817 -5.041524
v -3.642806 2.433817 -5.041524
v -4.904563 2.433817 -3.029705
v -3.642806 2.433817 -3.029705
v -4.904563 2.168846 -5.041524
v -3.642806 2.168846 -5.041524
v -3.642806 2.168846 -3.029705
v -4.904563 2.168846 -3.029705
v -4.613759 2.433817 -5.041524
v -3.933610 2.433817 -5.041524
v -3.933610 2.433817 -3.029705
v -4.613759 2.433817 -3.029705
v -3.933610 2.168846 -3.029705
v -4.613759 2.168846 -3.029705
v -4.613759 2.168846 -5.041524
v -3.933610 2.168846 -5.041524
v -4.545664 2.615842 -5.041524
v -4.001705 2.615842 -5.041524
v -4.001705 2.615842 -3.029705
v -4.545664 2.615842 -3.029705
v -0.704563 2.433817 -5.041524
v 0.557195 2.433817 -5.041524
v -0.704563 2.433817 -3.029705
v 0.557195 2.433817 -3.029705
v -0.704563 2.168846 -5.041524
v 0.557195 2.168846 -5.041524
v 0.557195 2.168846 -3.029705
v -0.704563 2.168846 -3.029705
v -0.413759 2.433817 -5.041524
v 0.266390 2.433817 -5.041524
v 0.266390 2.433817 -3.029705
v -0.413759 2.433817 -3.029705
v 0.266390 2.168846 -3.029705
v -0.413759 2.168846 -3.029705
v -0.413759 2.168846 -5.041524
v 0.266390 2.168846 -5.041524
v -0.345664 2.615842 -5.041524
v 0.198296 2.615842 -5.041524
v 0.198296 2.615842 -3.029705
v -0.345664 2.615842 -3.029705
v -3.504563 2.433817 -5.041524
v -2.242805 2.433817 -5.041524
v -3.504563 2.433817 -3.029705
v -2.242805 2.433817 -3.029705
v -3.504563 2.168846 -5.041524
v -2.242805 2.168846 -5.041524
v -2.242805 2.168846 -3.029705
v -3.504563 2.168846 -3.029705
v -3.213759 2.433817 -5.041524
v -2.533610 2.433817 -5.041524
v -2.533610 2.433817 -3.029705
v -3.213759 2.433817 -3.029705
v -2.533610 2.168846 -3.029705
v -3.213759 2.168846 -3.029705
v -3.213759 2.168846 -5.041524
v -2.533610 2.168846 -5.041524
v -3.145664 2.615842 -5.041524
v -2.601705 2.615842 -5.041524
v -2.601705 2.615842 -3.029705
v -3.145664 2.615842 -3.029705
v -2.104563 2.433817 -5.041524
v -0.842805 2.433817 -5.041524
v -2.104563 2.433817 -3.029705
v -0.842805 2.433817 -3.029705
v -2.104563 2.168846 -5.041524
v -0.842805 2.168846 -5.041524
v -0.842805 2.168846 -3.029705
v -2.104563 2.168846 -3.029705
v -1.813759 2.433817 -5.041524
v -1.133610 2.433817 -5.041524
v -1.133610 2.433817 -3.029705
v -1.813759 2.433817 -3.029705
v -1.133610 2.168846 -3.029705
v -1.813759 2.168846 -3.029705
v -1.813759 2.168846 -5.041524
v -1.133610 2.168846 -5.041524
v -1.745664 2.615842 -5.041524
v -1.201704 2.615842 -5.041524
v -1.201704 2.615842 -3.029705
v -1.745664 2.615842 -3.029705
vn -0.0000 -0.0000 -1.0000
vn -1.0000 -0.0000 -0.0000
vn -0.0000 -0.0000 1.0000
vn 1.0000 -0.0000 -0.0000
vn -0.0000 -1.0000 -0.0000
vn -0.0000 1.0000 -0.0000
vn -0.9366 -0.3504 -0.0000
vn 0.9366 -0.3504 -0.0000
vn -0.9990 -0.0447 -0.0000
vn 0.9990 0.0447 -0.0000
vn 0.0447 -0.9990 -0.0000
vn -0.0447 0.9990 -0.0000
vn -0.9200 -0.3919 -0.0000
vn 0.9513 -0.3082 -0.0000
vn 0.6764 -0.7366 -0.0000
vn -0.6764 0.7366 -0.0000
vn 0.7366 0.6764 -0.0000
vn -0.7366 -0.6764 -0.0000
vn 0.8916 -0.4529 -0.0000
vn -0.3754 0.9269 -0.0000
vn -0.5889 -0.8082 -0.0000
vn 0.5889 0.8082 -0.0000
vn 0.8082 -0.5889 -0.0000
vn -0.8082 0.5889 -0.0000
vn -0.2683 -0.9633 -0.0000
vn 0.8347 0.5507 -0.0000
vn 0.2683 0.9633 -0.0000
vn -0.8347 -0.5507 -0.0000
vn -0.8916 0.4529 -0.0000
vn 0.3754 -0.9269 -0.0000
vn 0.9366 0.3504 -0.0000
vn -0.9366 0.3504 -0.0000
vn 0.9200 0.3919 -0.0000
vn -0.9513 0.3082 -0.0000
s 0
usemtl Material.002
f 2632//305 2626//305 2618//305 2622//305
f 2622//306 2618//306 2620//306 2623//306
f 2630//307 2628//307 2619//307 2624//307
f 2624//308 2619//308 2617//308 2621//308
f 2628//309 2625//309 2617//309 2619//309
f 2629//310 2632//310 2622//310 2623//310
f 2624//310 2621//310 2631//310 2630//310
f 2630//310 2631//310 2632//310 2629//310
f 2620//309 2618//309 2626//309 2627//309
f 2628//307 2627//307 2635//307 2636//307
f 2623//307 2620//307 2627//307 2629//307
f 2629//307 2627//307 2628//307 2630//307
f 2621//305 2617//305 2625//305 2631//305
f 2631//305 2625//305 2626//305 2632//305
f 2635//309 2634//309 2633//309 2636//309
f 2626//305 2625//305 2633//305 2634//305
f 2627//311 2626//311 2634//311 2635//311
f 2625//312 2628//312 2636//312 2633//312
f 2652//305 2646//305 2638//305 2642//305
f 2642//306 2638//306 2640//306 2643//306
f 2650//307 2648//307 2639//307 2644//307
f 2644//308 2639//308 2637//308 2641//308
f 2648//309 2645//309 2637//309 2639//309
f 2649//310 2652//310 2642//310 2643//310
f 2644//310 2641//310 2651//310 2650//310
f 2650//310 2651//310 2652//310 2649//310
f 2640//309 2638//309 2646//309 2647//309
f 2648//307 2647//307 2655//307 2656//307
f 2643//307 2640//307 2647//307 2649//307
f 2649//307 2647//307 2648//307 2650//307
f 2641//305 2637//305 2645//305 2651//305
f 2651//305 2645//305 2646//305 2652//305
f 2655//309 2654//309 2653//309 2656//309
f 2646//305 2645//305 2653//305 2654//305
f 2647//311 2646//311 2654//311 2655//311
f 2645//312 2648//312 2656//312 2653//312
f 2672//305 2666//305 2658//305 2662//305
f 2662//306 2658//306 2660//306 2663//306
f 2670//307 2668//307 2659//307 2664//307
f 2664//308 2659//308 2657//308 2661//308
f 2668//309 2665//309 2657//309 2659//309
f 2669//310 2672//310 2662//310 2663//310
f 2664//310 2661//310 2671//310 2670//310
f 2670//310 2671//310 2672//310 2669//310
f 2660//309 2658//309 2666//309 2667//309
f 2668//307 2667//307 2675//307 2676//307
f 2663//307 2660//307 2667//307 2669//307
f 2669//307 2667//307 2668//307 2670//307
f 2661//305 2657//305 2665//305 2671//305
f 2671//305 2665//305 2666//305 2672//305
f 2675//309 2674//309 2673//309 2676//309
f 2666//305 2665//305 2673//305 2674//305
f 2667//311 2666//311 2674//311 2675//311
f 2665//312 2668//312 2676//312 2673//312
f 2692//305 2686//305 2678//305 2682//305
f 2682//306 2678//306 2680//306 2683//306
f 2690//307 2688//307 2679//307 2684//307
f 2684//308 2679//308 2677//308 2681//308
f 2688//309 2685//309 2677//309 2679//309
f 2689//310 2692//310 2682//310 2683//310
f 2684//310 2681//310 2691//310 2690//310
f 2690//310 2691//310 2692//310 2689//310
f 2680//309 2678//309 2686//309 2687//309
f 2688//307 2687//307 2695//307 2696//307
f 2683//307 2680//307 2687//307 2689//307
f 2689//307 2687//307 2688//307 2690//307
f 2681//305 2677//305 2685//305 2691//305
f 2691//305 2685//305 2686//305 2692//305
f 2695//309 2694//309 2693//309 2696//309
f 2686//305 2685//305 2693//305 2694//305
f 2687//311 2686//311 2694//311 2695//311
f 2685//312 2688//312 2696//312 2693//312
f 2712//305 2706//305 2698//305 2702//305
f 2702//313 2698//313 2700//313 2703//313
f 2710//307 2708//307 2699//307 2704//307
f 2704//314 2699//314 2697//314 2701//314
f 2708//315 2705//315 2697//315 2699//315
f 2709//316 2712//316 2702//316 2703//316
f 2704//316 2701//316 2711//316 2710//316
f 2710//316 2711//316 2712//316 2709//316
f 2700//315 2698//315 2706//315 2707//315
f 2708//307 2707//307 2715//307 2716//307
f 2703//307 2700//307 2707//307 2709//307
f 2709//307 2707//307 2708//307 2710//307
f 2701//305 2697//305 2705//305 2711//305
f 2711//305 2705//305 2706//305 2712//305
f 2715//315 2714//315 2713//315 2716//315
f 2706//305 2705//305 2713//305 2714//305
f 2707//317 2706//317 2714//317 2715//317
f 2705//318 2708//318 2716//318 2713//318
f 2732//305 2726//305 2718//305 2722//305
f 2722//306 2718//306 2720//306 2723//306
f 2730//307 2728//307 2719//307 2724//307
f 2724//308 2719//308 2717//308 2721//308
f 2728//309 2725//309 2717//309 2719//309
f 2729//310 2732//310 2722//310 2723//310
f 2724//310 2721//310 2731//310 2730//310
f 2730//310 2731//310 2732//310 2729//310
f 2720//309 2718//309 2726//309 2727//309
f 2728//307 2727//307 2735//307 2736//307
f 2723//307 2720//307 2727//307 2729//307
f 2729//307 2727//307 2728//307 2730//307
f 2721//305 2717//305 2725//305 2731//305
f 2731//305 2725//305 2726//305 2732//305
f 2735//309 2734//309 2733//309 2736//309
f 2726//305 2725//305 2733//305 2734//305
f 2727//311 2726//311 2734//311 2735//311
f 2725//312 2728//312 2736//312 2733//312
f 2752//305 2746//305 2738//305 2742//305
f 2742//306 2738//306 2740//306 2743//306
f 2750//307 2748//307 2739//307 2744//307
f 2744//308 2739//308 2737//308 2741//308
f 2748//309 2745//309 2737//309 2739//309
f 2749//310 2752//310 2742//310 2743//310
f 2744//310 2741//310 2751//310 2750//310
f 2750//310 2751//310 2752//310 2749//310
f 2740//309 2738//309 2746//309 2747//309
f 2748//307 2747//307 2755//307 2756//307
f 2743//307 2740//307 2747//307 2749//307
f 2749//307 2747//307 2748//307 2750//307
f 2741//305 2737//305 2745//305 2751//305
f 2751//305 2745//305 2746//305 2752//305
f 2755//309 2754//309 2753//309 2756//309
f 2746//305 2745//305 2753//305 2754//305
f 2747//311 2746//311 2754//311 2755//311
f 2745//312 2748//312 2756//312 2753//312
f 2772//305 2766//305 2758//305 2762//305
f 2762//306 2758//306 2760//306 2763//306
f 2770//307 2768//307 2759//307 2764//307
f 2764//308 2759//308 2757//308 2761//308
f 2768//309 2765//309 2757//309 2759//309
f 2769//310 2772//310 2762//310 2763//310
f 2764//310 2761//310 2771//310 2770//310
f 2770//310 2771//310 2772//310 2769//310
f 2760//309 2758//309 2766//309 2767//309
f 2768//307 2767//307 2775//307 2776//307
f 2763//307 2760//307 2767//307 2769//307
f 2769//307 2767//307 2768//307 2770//307
f 2761//305 2757//305 2765//305 2771//305
f 2771//305 2765//305 2766//305 2772//305
f 2775//309 2774//309 2773//309 2776//309
f 2766//305 2765//305 2773//305 2774//305
f 2767//311 2766//311 2774//311 2775//311
f 2765//312 2768//312 2776//312 2773//312
f 2792//305 2786//305 2778//305 2782//305
f 2782//306 2778//306 2780//306 2783//306
f 2790//307 2788//307 2779//307 2784//307
f 2784//308 2779//308 2777//308 2781//308
f 2788//309 2785//309 2777//309 2779//309
f 2789//310 2792//310 2782//310 2783//310
f 2784//310 2781//310 2791//310 2790//310
f 2790//310 2791//310 2792//310 2789//310
f 2780//309 2778//309 2786//309 2787//309
f 2788//307 2787//307 2795//307 2796//307
f 2783//307 2780//307 2787//307 2789//307
f 2789//307 2787//307 2788//307 2790//307
f 2781//305 2777//305 2785//305 2791//305
f 2791//305 2785//305 2786//305 2792//305
f 2795//309 2794//309 2793//309 2796//309
f 2786//305 2785//305 2793//305 2794//305
f 2787//311 2786//311 2794//311 2795//311
f 2785//312 2788//312 2796//312 2793//312
f 2812//305 2806//305 2798//305 2802//305
f 2802//319 2798//319 2800//319 2803//319
f 2810//307 2808//307 2799//307 2804//307
f 2804//320 2799//320 2797//320 2801//320
f 2808//321 2805//321 2797//321 2799//321
f 2809//322 2812//322 2802//322 2803//322
f 2804//322 2801//322 2811//322 2810//322
f 2810//322 2811//322 2812//322 2809//322
f 2800//321 2798//321 2806//321 2807//321
f 2808//307 2807//307 2815//307 2816//307
f 2803//307 2800//307 2807//307 2809//307
f 2809//307 2807//307 2808//307 2810//307
f 2801//305 2797//305 2805//305 2811//305
f 2811//305 2805//305 2806//305 2812//305
f 2815//321 2814//321 2813//321 2816//321
f 2806//305 2805//305 2813//305 2814//305
f 2807//323 2806//323 2814//323 2815//323
f 2805//324 2808//324 2816//324 2813//324
f 2832//305 2826//305 2818//305 2822//305
f 2822//325 2818//325 2820//325 2823//325
f 2830//307 2828//307 2819//307 2824//307
f 2824//326 2819//326 2817//326 2821//326
f 2828//327 2825//327 2817//327 2819//327
f 2829//328 2832//328 2822//328 2823//328
f 2824//328 2821//328 2831//328 2830//328
f 2830//328 2831//328 2832//328 2829//328
f 2820//327 2818//327 2826//327 2827//327
f 2828//307 2827//307 2835//307 2836//307
f 2823//307 2820//307 2827//307 2829//307
f 2829//307 2827//307 2828//307 2830//307
f 2821//305 2817//305 2825//305 2831//305
f 2831//305 2825//305 2826//305 2832//305
f 2835//327 2834//327 2833//327 2836//327
f 2826//305 2825//305 2833//305 2834//305
f 2827//329 2826//329 2834//329 2835//329
f 2825//330 2828//330 2836//330 2833//330
f 2852//305 2846//305 2838//305 2842//305
f 2842//326 2838//326 2840//326 2843//326
f 2850//307 2848//307 2839//307 2844//307
f 2844//325 2839//325 2837//325 2841//325
f 2848//328 2845//328 2837//328 2839//328
f 2849//327 2852//327 2842//327 2843//327
f 2844//327 2841//327 2851//327 2850//327
f 2850//327 2851//327 2852//327 2849//327
f 2840//328 2838//328 2846//328 2847//328
f 2848//307 2847//307 2855//307 2856//307
f 2843//307 2840//307 2847//307 2849//307
f 2849//307 2847//307 2848//307 2850//307
f 2841//305 2837//305 2845//305 2851//305
f 2851//305 2845//305 2846//305 2852//305
f 2855//328 2854//328 2853//328 2856//328
f 2846//305 2845//305 2853//305 2854//305
f 2847//331 2846//331 2854//331 2855//331
f 2845//332 2848//332 2856//332 2853//332
f 2872//305 2866//305 2858//305 2862//305
f 2862//320 2858//320 2860//320 2863//320
f 2870//307 2868//307 2859//307 2864//307
f 2864//319 2859//319 2857//319 2861//319
f 2868//322 2865//322 2857//322 2859//322
f 2869//321 2872//321 2862//321 2863//321
f 2864//321 2861//321 2871//321 2870//321
f 2870//321 2871//321 2872//321 2869//321
f 2860//322 2858//322 2866//322 2867//322
f 2868//307 2867//307 2875//307 2876//307
f 2863//307 2860//307 2867//307 2869//307
f 2869//307 2867//307 2868//307 2870//307
f 2861//305 2857//305 2865//305 2871//305
f 2871//305 2865//305 2866//305 2872//305
f 2875//322 2874//322 2873//322 2876//322
f 2866//305 2865//305 2873//305 2874//305
f 2867//333 2866//333 2874//333 2875//333
f 2865//334 2868//334 2876//334 2873//334
f 2892//305 2886//305 2878//305 2882//305
f 2882//308 2878//308 2880//308 2883//308
f 2890//307 2888//307 2879//307 2884//307
f 2884//306 2879//306 2877//306 2881//306
f 2888//310 2885//310 2877//310 2879//310
f 2889//309 2892//309 2882//309 2883//309
f 2884//309 2881//309 2891//309 2890//309
f 2890//309 2891//309 2892//309 2889//309
f 2880//310 2878//310 2886//310 2887//310
f 2888//307 2887//307 2895//307 2896//307
f 2883//307 2880//307 2887//307 2889//307
f 2889//307 2887//307 2888//307 2890//307
f 2881//305 2877//305 2885//305 2891//305
f 2891//305 2885//305 2886//305 2892//305
f 2895//310 2894//310 2893//310 2896//310
f 2886//305 2885//305 2893//305 2894//305
f 2887//335 2886//335 2894//335 2895//335
f 2885//336 2888//336 2896//336 2893//336
f 2912//305 2906//305 2898//305 2902//305
f 2902//308 2898//308 2900//308 2903//308
f 2910//307 2908//307 2899//307 2904//307
f 2904//306 2899//306 2897//306 2901//306
f 2908//310 2905//310 2897//310 2899//310
f 2909//309 2912//309 2902//309 2903//309
f 2904//309 2901//309 2911//309 2910//309
f 2910//309 2911//309 2912//309 2909//309
f 2900//310 2898//310 2906//310 2907//310
f 2908//307 2907//307 2915//307 2916//307
f 2903//307 2900//307 2907//307 2909//307
f 2909//307 2907//307 2908//307 2910//307
f 2901//305 2897//305 2905//305 2911//305
f 2911//305 2905//305 2906//305 2912//305
f 2915//310 2914//310 2913//310 2916//310
f 2906//305 2905//305 2913//305 2914//305
f 2907//335 2906//335 2914//335 2915//335
f 2905//336 2908//336 2916//336 2913//336
f 2932//305 2926//305 2918//305 2922//305
f 2922//308 2918//308 2920//308 2923//308
f 2930//307 2928//307 2919//307 2924//307
f 2924//306 2919//306 2917//306 2921//306
f 2928//310 2925//310 2917//310 2919//310
f 2929//309 2932//309 2922//309 2923//309
f 2924//309 2921//309 2931//309 2930//309
f 2930//309 2931//309 2932//309 2929//309
f 2920//310 2918//310 2926//310 2927//310
f 2928//307 2927//307 2935//307 2936//307
f 2923//307 2920//307 2927//307 2929//307
f 2929//307 2927//307 2928//307 2930//307
f 2921//305 2917//305 2925//305 2931//305
f 2931//305 2925//305 2926//305 2932//305
f 2935//310 2934//310 2933//310 2936//310
f 2926//305 2925//305 2933//305 2934//305
f 2927//335 2926//335 2934//335 2935//335
f 2925//336 2928//336 2936//336 2933//336
f 2952//305 2946//305 2938//305 2942//305
f 2942//308 2938//308 2940//308 2943//308
f 2950//307 2948//307 2939//307 2944//307
f 2944//306 2939//306 2937//306 2941//306
f 2948//310 2945//310 2937//310 2939//310
f 2949//309 2952//309 2942//309 2943//309
f 2944//309 2941//309 2951//309 2950//309
f 2950//309 2951//309 2952//309 2949//309
f 2940//310 2938//310 2946//310 2947//310
f 2948//307 2947//307 2955//307 2956//307
f 2943//307 2940//307 2947//307 2949//307
f 2949//307 2947//307 2948//307 2950//307
f 2941//305 2937//305 2945//305 2951//305
f 2951//305 2945//305 2946//305 2952//305
f 2955//310 2954//310 2953//310 2956//310
f 2946//305 2945//305 2953//305 2954//305
f 2947//335 2946//335 2954//335 2955//335
f 2945//336 2948//336 2956//336 2953//336
f 2972//305 2966//305 2958//305 2962//305
f 2962//314 2958//314 2960//314 2963//314
f 2970//307 2968//307 2959//307 2964//307
f 2964//313 2959//313 2957//313 2961//313
f 2968//316 2965//316 2957//316 2959//316
f 2969//315 2972//315 2962//315 2963//315
f 2964//315 2961//315 2971//315 2970//315
f 2970//315 2971//315 2972//315 2969//315
f 2960//316 2958//316 2966//316 2967//316
f 2968//307 2967//307 2975//307 2976//307
f 2963//307 2960//307 2967//307 2969//307
f 2969//307 2967//307 2968//307 2970//307
f 2961//305 2957//305 2965//305 2971//305
f 2971//305 2965//305 2966//305 2972//305
f 2975//316 2974//316 2973//316 2976//316
f 2966//305 2965//305 2973//305 2974//305
f 2967//337 2966//337 2974//337 2975//337
f 2965//338 2968//338 2976//338 2973//338
f 2992//305 2986//305 2978//305 2982//305
f 2982//308 2978//308 2980//308 2983//308
f 2990//307 2988//307 2979//307 2984//307
f 2984//306 2979//306 2977//306 2981//306
f 2988//310 2985//310 2977//310 2979//310
f 2989//309 2992//309 2982//309 2983//309
f 2984//309 2981//309 2991//309 2990//309
f 2990//309 2991//309 2992//309 2989//309
f 2980//310 2978//310 2986//310 2987//310
f 2988//307 2987//307 2995//307 2996//307
f 2983//307 2980//307 2987//307 2989//307
f 2989//307 2987//307 2988//307 2990//307
f 2981//305 2977//305 2985//305 2991//305
f 2991//305 2985//305 2986//305 2992//305
f 2995//310 2994//310 2993//310 2996//310
f 2986//305 2985//305 2993//305 2994//305
f 2987//335 2986//335 2994//335 2995//335
f 2985//336 2988//336 2996//336 2993//336
f 3012//305 3006//305 2998//305 3002//305
f 3002//308 2998//308 3000//308 3003//308
f 3010//307 3008//307 2999//307 3004//307
f 3004//306 2999//306 2997//306 3001//306
f 3008//310 3005//310 2997//310 2999//310
f 3009//309 3012//309 3002//309 3003//309
f 3004//309 3001//309 3011//309 3010//309
f 3010//309 3011//309 3012//309 3009//309
f 3000//310 2998//310 3006//310 3007//310
f 3008//307 3007//307 3015//307 3016//307
f 3003//307 3000//307 3007//307 3009//307
f 3009//307 3007//307 3008//307 3010//307
f 3001//305 2997//305 3005//305 3011//305
f 3011//305 3005//305 3006//305 3012//305
f 3015//310 3014//310 3013//310 3016//310
f 3006//305 3005//305 3013//305 3014//305
f 3007//335 3006//335 3014//335 3015//335
f 3005//336 3008//336 3016//336 3013//336
f 3032//305 3026//305 3018//305 3022//305
f 3022//308 3018//308 3020//308 3023//308
f 3030//307 3028//307 3019//307 3024//307
f 3024//306 3019//306 3017//306 3021//306
f 3028//310 3025//310 3017//310 3019//310
f 3029//309 3032//309 3022//309 3023//309
f 3024//309 3021//309 3031//309 3030//309
f 3030//309 3031//309 3032//309 3029//309
f 3020//310 3018//310 3026//310 3027//310
f 3028//307 3027//307 3035//307 3036//307
f 3023//307 3020//307 3027//307 3029//307
f 3029//307 3027//307 3028//307 3030//307
f 3021//305 3017//305 3025//305 3031//305
f 3031//305 3025//305 3026//305 3032//305
f 3035//310 3034//310 3033//310 3036//310
f 3026//305 3025//305 3033//305 3034//305
f 3027//335 3026//335 3034//335 3035//335
f 3025//336 3028//336 3036//336 3033//336
f 3052//305 3046//305 3038//305 3042//305
f 3042//308 3038//308 3040//308 3043//308
f 3050//307 3048//307 3039//307 3044//307
f 3044//306 3039//306 3037//306 3041//306
f 3048//310 3045//310 3037//310 3039//310
f 3049//309 3052//309 3042//309 3043//309
f 3044//309 3041//309 3051//309 3050//309
f 3050//309 3051//309 3052//309 3049//309
f 3040//310 3038//310 3046//310 3047//310
f 3048//307 3047//307 3055//307 3056//307
f 3043//307 3040//307 3047//307 3049//307
f 3049//307 3047//307 3048//307 3050//307
f 3041//305 3037//305 3045//305 3051//305
f 3051//305 3045//305 3046//305 3052//305
f 3055//310 3054//310 3053//310 3056//310
f 3046//305 3045//305 3053//305 3054//305
f 3047//335 3046//335 3054//335 3055//335
f 3045//336 3048//336 3056//336 3053//336
o TrackMesh.L
v 0.704563 0.169417 2.925325
v -0.557195 0.169417 2.925325
v 0.704563 0.169416 4.937143
v -0.557195 0.169416 4.937143
v 0.704563 0.434388 2.925325
v -0.557195 0.434389 2.925325
v -0.557195 0.434388 4.937143
v 0.704563 0.434387 4.937143
v 0.413758 0.169417 2.925325
v -0.266390 0.169417 2.925325
v -0.266390 0.169416 4.937143
v 0.413759 0.169416 4.937143
v -0.266390 0.434388 4.937143
v 0.413759 0.434387 4.937143
v 0.413759 0.434388 2.925325
v -0.266390 0.434388 2.925325
v 0.345664 -0.012608 2.925324
v -0.198296 -0.012608 2.925324
v -0.198296 -0.012609 4.937143
v 0.345664 -0.012609 4.937143
v 2.104563 0.169416 2.925325
v 0.842805 0.169417 2.925325
v 2.104563 0.169416 4.937143
v 0.842805 0.169416 4.937143
v 2.104563 0.434388 2.925325
v 0.842805 0.434388 2.925325
v 0.842805 0.434388 4.937143
v 2.104563 0.434387 4.937143
v 1.813758 0.169417 2.925325
v 1.133610 0.169417 2.925325
v 1.133610 0.169416 4.937143
v 1.813758 0.169416 4.937143
v 1.133610 0.434388 4.937143
v 1.813759 0.434387 4.937143
v 1.813758 0.434388 2.925325
v 1.133610 0.434388 2.925325
v 1.745664 -0.012608 2.925324
v 1.201704 -0.012608 2.925324
v 1.201704 -0.012609 4.937143
v 1.745664 -0.012609 4.937143
v 3.504563 0.169416 2.925324
v 2.242805 0.169417 2.925324
v 3.504563 0.169416 4.937143
v 2.242805 0.169416 4.937143
v 3.504563 0.434388 2.925324
v 2.242805 0.434388 2.925324
v 2.242805 0.434388 4.937143
v 3.504563 0.434387 4.937143
v 3.213758 0.169416 2.925324
v 2.533609 0.169417 2.925324
v 2.533609 0.169416 4.937143
v 3.213758 0.169416 4.937143
v 2.533610 0.434388 4.937143
v 3.213758 0.434387 4.937143
v 3.213758 0.434388 2.925324
v 2.533609 0.434388 2.925324
v 3.145663 -0.012609 2.925324
v 2.601704 -0.012608 2.925324
v 2.601704 -0.012609 4.937143
v 3.145664 -0.012609 4.937143
v 4.904563 0.169416 2.925324
v 3.642805 0.169417 2.925324
v 4.904563 0.169415 4.937143
v 3.642805 0.169416 4.937143
v 4.904563 0.434388 2.925324
v 3.642805 0.434388 2.925324
v 3.642805 0.434388 4.937143
v 4.904563 0.434387 4.937143
v 4.613759 0.169416 2.925324
v 3.933609 0.169417 2.925324
v 3.933609 0.169416 4.937143
v 4.613759 0.169416 4.937143
v 3.933610 0.434387 4.937143
v 4.613759 0.434387 4.937143
v 4.613759 0.434388 2.925324
v 3.933609 0.434388 2.925324
v 4.545664 -0.012609 2.925324
v 4.001704 -0.012608 2.925324
v 4.001704 -0.012609 4.937143
v 4.545664 -0.012609 4.937143
v 6.307169 0.198738 2.925324
v 5.046671 0.142357 2.925324
v 6.307169 0.198737 4.937143
v 5.046671 0.142357 4.937143
v 6.295329 0.463444 2.925324
v 5.034831 0.407064 2.925324
v 5.034832 0.407063 4.937143
v 6.295329 0.463444 4.937143
v 6.016655 0.185743 2.925324
v 5.337185 0.155352 2.925324
v 5.337185 0.155351 4.937143
v 6.016655 0.185743 4.937143
v 5.325346 0.420058 4.937143
v 6.004816 0.450449 4.937143
v 6.004816 0.450450 2.925324
v 5.325345 0.420058 2.925324
v 5.956761 0.000858 2.925324
v 5.413345 -0.023449 2.925324
v 5.413345 -0.023450 4.937143
v 5.956761 0.000857 4.937143
v -2.095438 0.169417 2.925325
v -3.357196 0.169417 2.925325
v -2.095438 0.169416 4.937143
v -3.357195 0.169417 4.937143
v -2.095438 0.434388 2.925325
v -3.357195 0.434389 2.925325
v -3.357195 0.434388 4.937143
v -2.095437 0.434388 4.937143
v -2.386242 0.169417 2.925325
v -3.066391 0.169417 2.925325
v -3.066391 0.169416 4.937143
v -2.386242 0.169416 4.937143
v -3.066391 0.434388 4.937143
v -2.386242 0.434388 4.937143
v -2.386242 0.434388 2.925325
v -3.066391 0.434389 2.925325
v -2.454337 -0.012608 2.925325
v -2.998296 -0.012608 2.925325
v -2.998296 -0.012609 4.937143
v -2.454337 -0.012609 4.937143
v -0.695437 0.169417 2.925325
v -1.957195 0.169417 2.925325
v -0.695437 0.169416 4.937143
v -1.957195 0.169416 4.937143
v -0.695437 0.434388 2.925325
v -1.957195 0.434389 2.925325
v -1.957195 0.434388 4.937143
v -0.695437 0.434387 4.937143
v -0.986242 0.169417 2.925325
v -1.666391 0.169417 2.925325
v -1.666390 0.169416 4.937143
v -0.986242 0.169416 4.937143
v -1.666390 0.434388 4.937143
v -0.986241 0.434388 4.937143
v -0.986242 0.434388 2.925325
v -1.666390 0.434389 2.925325
v -1.054336 -0.012608 2.925324
v -1.598296 -0.012608 2.925324
v -1.598296 -0.012609 4.937143
v -1.054336 -0.012609 4.937143
v -3.495438 0.169417 2.925325
v -4.757195 0.169417 2.925325
v -3.495438 0.169416 4.937143
v -4.757195 0.169417 4.937143
v -3.495438 0.434389 2.925325
v -4.757195 0.434389 2.925325
v -4.757195 0.434388 4.937143
v -3.495437 0.434388 4.937143
v -3.786242 0.169417 2.925325
v -4.466391 0.169417 2.925325
v -4.466391 0.169417 4.937143
v -3.786242 0.169416 4.937143
v -4.466391 0.434388 4.937143
v -3.786242 0.434388 4.937143
v -3.786242 0.434389 2.925325
v -4.466391 0.434389 2.925325
v -3.854337 -0.012608 2.925325
v -4.398296 -0.012608 2.925325
v -4.398296 -0.012608 4.937143
v -3.854337 -0.012609 4.937143
v -4.895438 0.169417 2.925325
v -6.157196 0.169418 2.925325
v -4.895438 0.169416 4.937143
v -6.157196 0.169417 4.937143
v -4.895438 0.434389 2.925325
v -6.157196 0.434389 2.925325
v -6.157196 0.434388 4.937143
v -4.895438 0.434388 4.937143
v -5.186243 0.169417 2.925325
v -5.866391 0.169417 2.925325
v -5.866391 0.169417 4.937143
v -5.186242 0.169416 4.937143
v -5.866391 0.434388 4.937143
v -5.186242 0.434388 4.937143
v -5.186242 0.434389 2.925325
v -5.866391 0.434389 2.925325
v -5.254337 -0.012608 2.925325
v -5.798296 -0.012608 2.925325
v -5.798296 -0.012608 4.937143
v -5.254337 -0.012609 4.937143
v 6.481116 2.532566 2.925325
v 7.334537 1.603208 2.925325
v 6.481117 2.532566 4.937144
v 7.334537 1.603208 4.937144
v 6.285950 2.353346 2.925325
v 7.139370 1.423988 2.925325
v 7.139370 1.423988 4.937144
v 6.285950 2.353345 4.937144
v 6.677809 2.318371 2.925325
v 7.137844 1.817402 2.925325
v 7.137845 1.817402 4.937144
v 6.677809 2.318371 4.937144
v 6.942677 1.638182 4.937144
v 6.482643 2.139151 4.937144
v 6.482642 2.139151 2.925325
v 6.942677 1.638182 2.925325
v 6.857938 2.391333 2.925325
v 7.225859 1.990675 2.925325
v 7.225859 1.990675 4.937144
v 6.857939 2.391333 4.937144
v 7.386814 1.144919 2.925325
v 6.643810 0.125126 2.925325
v 7.386815 1.144918 4.937143
v 6.643810 0.125126 4.937143
v 7.172656 1.300951 2.925325
v 6.429651 0.281158 2.925325
v 6.429652 0.281158 4.937143
v 7.172656 1.300951 4.937143
v 7.215569 0.909881 2.925325
v 6.815054 0.360164 2.925325
v 6.815054 0.360163 4.937143
v 7.215570 0.909881 4.937143
v 6.600896 0.516196 4.937143
v 7.001411 1.065913 4.937143
v 7.001411 1.065914 2.925325
v 6.600895 0.516196 2.925325
v 7.322589 0.747657 2.925325
v 7.002271 0.308012 2.925325
v 7.002271 0.308011 4.937143
v 7.322590 0.747657 4.937143
v -7.386813 1.458887 2.925325
v -6.643809 2.478680 2.925325
v -7.386814 1.458887 4.937143
v -6.643809 2.478679 4.937144
v -7.172655 1.302854 2.925325
v -6.429650 2.322647 2.925325
v -6.429651 2.322647 4.937144
v -7.172655 1.302854 4.937143
v -7.215569 1.693924 2.925325
v -6.815053 2.243642 2.925325
v -6.815053 2.243642 4.937144
v -7.215569 1.693924 4.937144
v -6.600895 2.087610 4.937144
v -7.001410 1.537892 4.937144
v -7.001410 1.537892 2.925325
v -6.600895 2.087610 2.925325
v -7.322588 1.856148 2.925325
v -7.002270 2.295794 2.925325
v -7.002270 2.295794 4.937144
v -7.322589 1.856148 4.937144
v -6.481115 0.071239 2.925325
v -7.334537 1.000596 2.925325
v -6.481116 0.071238 4.937143
v -7.334537 1.000595 4.937143
v -6.285949 0.250459 2.925325
v -7.139370 1.179816 2.925325
v -7.139370 1.179816 4.937143
v -6.285949 0.250458 4.937143
v -6.677808 0.285433 2.925325
v -7.137844 0.786402 2.925325
v -7.137844 0.786401 4.937143
v -6.677809 0.285433 4.937143
v -6.942677 0.965621 4.937143
v -6.482641 0.464653 4.937143
v -6.482642 0.464653 2.925325
v -6.942677 0.965622 2.925325
v -6.857938 0.212471 2.925325
v -7.225858 0.613129 2.925325
v -7.225858 0.613129 4.937143
v -6.857938 0.212471 4.937143
v 4.895437 2.434388 2.925325
v 6.157195 2.434388 2.925325
v 4.895437 2.434388 4.937144
v 6.157195 2.434388 4.937144
v 4.895437 2.169416 2.925325
v 6.157195 2.169416 2.925325
v 6.157195 2.169416 4.937144
v 4.895437 2.169416 4.937144
v 5.186242 2.434388 2.925325
v 5.866391 2.434388 2.925325
v 5.866391 2.434388 4.937144
v 5.186242 2.434388 4.937144
v 5.866391 2.169416 4.937144
v 5.186242 2.169416 4.937144
v 5.186242 2.169416 2.925325
v 5.866391 2.169416 2.925325
v 5.254336 2.616413 2.925325
v 5.798296 2.616413 2.925325
v 5.798296 2.616413 4.937144
v 5.254336 2.616413 4.937144
v 3.495437 2.434388 2.925325
v 4.757195 2.434388 2.925325
v 3.495437 2.434388 4.937144
v 4.757195 2.434388 4.937144
v 3.495437 2.169416 2.925325
v 4.757195 2.169416 2.925325
v 4.757195 2.169416 4.937144
v 3.495437 2.169416 4.937144
v 3.786242 2.434388 2.925325
v 4.466391 2.434388 2.925325
v 4.466391 2.434388 4.937144
v 3.786242 2.434388 4.937144
v 4.466391 2.169416 4.937144
v 3.786242 2.169416 4.937144
v 3.786242 2.169416 2.925325
v 4.466391 2.169416 2.925325
v 3.854336 2.616413 2.925325
v 4.398296 2.616413 2.925325
v 4.398296 2.616413 4.937144
v 3.854336 2.616413 4.937144
v 0.695437 2.434388 2.925325
v 1.957195 2.434388 2.925325
v 0.695437 2.434388 4.937144
v 1.957195 2.434388 4.937144
v 0.695437 2.169416 2.925325
v 1.957195 2.169416 2.925325
v 1.957195 2.169416 4.937144
v 0.695437 2.169416 4.937144
v 0.986242 2.434388 2.925325
v 1.666390 2.434388 2.925325
v 1.666390 2.434388 4.937144
v 0.986242 2.434388 4.937144
v 1.666390 2.169416 4.937144
v 0.986242 2.169416 4.937144
v 0.986242 2.169416 2.925325
v 1.666390 2.169416 2.925325
v 1.054336 2.616413 2.925325
v 1.598296 2.616413 2.925325
v 1.598296 2.616413 4.937144
v 1.054336 2.616413 4.937144
v 2.095437 2.434388 2.925325
v 3.357195 2.434388 2.925325
v 2.095437 2.434388 4.937144
v 3.357195 2.434388 4.937144
v 2.095437 2.169416 2.925325
v 3.357195 2.169416 2.925325
v 3.357195 2.169416 4.937144
v 2.095437 2.169416 4.937144
v 2.386242 2.434388 2.925325
v 3.066391 2.434388 2.925325
v 3.066390 2.434388 4.937144
v 2.386241 2.434388 4.937144
v 3.066390 2.169416 4.937144
v 2.386241 2.169416 4.937144
v 2.386242 2.169416 2.925325
v 3.066391 2.169416 2.925325
v 2.454336 2.616413 2.925325
v 2.998296 2.616413 2.925325
v 2.998296 2.616413 4.937144
v 2.454336 2.616413 4.937144
v -6.307169 2.405066 2.925325
v -5.046672 2.461447 2.925325
v -6.307169 2.405066 4.937144
v -5.046672 2.461447 4.937144
v -6.295330 2.140359 2.925325
v -5.034832 2.196740 2.925325
v -5.034832 2.196740 4.937144
v -6.295330 2.140359 4.937144
v -6.016656 2.418061 2.925325
v -5.337185 2.448453 2.925325
v -5.337185 2.448453 4.937144
v -6.016656 2.418061 4.937144
v -5.325345 2.183746 4.937144
v -6.004816 2.153354 4.937144
v -6.004816 2.153354 2.925325
v -5.325345 2.183746 2.925325
v -5.956762 2.602947 2.925325
v -5.413346 2.627253 2.925325
v -5.413346 2.627253 4.937144
v -5.956762 2.602947 4.937144
v -4.904563 2.434388 2.925325
v -3.642806 2.434388 2.925325
v -4.904563 2.434388 4.937144
v -3.642806 2.434388 4.937144
v -4.904563 2.169416 2.925325
v -3.642806 2.169416 2.925325
v -3.642806 2.169416 4.937144
v -4.904563 2.169416 4.937144
v -4.613759 2.434388 2.925325
v -3.933610 2.434388 2.925325
v -3.933610 2.434388 4.937144
v -4.613759 2.434388 4.937144
v -3.933610 2.169416 4.937144
v -4.613759 2.169416 4.937144
v -4.613759 2.169416 2.925325
v -3.933610 2.169416 2.925325
v -4.545664 2.616413 2.925325
v -4.001705 2.616413 2.925325
v -4.001705 2.616413 4.937144
v -4.545664 2.616413 4.937144
v -0.704563 2.434388 2.925325
v 0.557195 2.434388 2.925325
v -0.704563 2.434388 4.937144
v 0.557195 2.434388 4.937144
v -0.704563 2.169416 2.925325
v 0.557195 2.169416 2.925325
v 0.557195 2.169416 4.937144
v -0.704563 2.169416 4.937144
v -0.413759 2.434388 2.925325
v 0.266390 2.434388 2.925325
v 0.266390 2.434388 4.937144
v -0.413759 2.434388 4.937144
v 0.266390 2.169416 4.937144
v -0.413759 2.169416 4.937144
v -0.413759 2.169416 2.925325
v 0.266390 2.169416 2.925325
v -0.345664 2.616413 2.925325
v 0.198296 2.616413 2.925325
v 0.198296 2.616413 4.937144
v -0.345664 2.616413 4.937144
v -3.504563 2.434388 2.925325
v -2.242805 2.434388 2.925325
v -3.504563 2.434388 4.937144
v -2.242805 2.434388 4.937144
v -3.504563 2.169416 2.925325
v -2.242805 2.169416 2.925325
v -2.242805 2.169416 4.937144
v -3.504563 2.169416 4.937144
v -3.213759 2.434388 2.925325
v -2.533610 2.434388 2.925325
v -2.533610 2.434388 4.937144
v -3.213759 2.434388 4.937144
v -2.533610 2.169416 4.937144
v -3.213759 2.169416 4.937144
v -3.213759 2.169416 2.925325
v -2.533610 2.169416 2.925325
v -3.145664 2.616413 2.925325
v -2.601705 2.616413 2.925325
v -2.601705 2.616413 4.937144
v -3.145664 2.616413 4.937144
v -2.104563 2.434388 2.925325
v -0.842805 2.434388 2.925325
v -2.104563 2.434388 4.937144
v -0.842805 2.434388 4.937144
v -2.104563 2.169416 2.925325
v -0.842805 2.169416 2.925325
v -0.842805 2.169416 4.937144
v -2.104563 2.169416 4.937144
v -1.813759 2.434388 2.925325
v -1.133610 2.434388 2.925325
v -1.133610 2.434388 4.937144
v -1.813759 2.434388 4.937144
v -1.133610 2.169416 4.937144
v -1.813759 2.169416 4.937144
v -1.813759 2.169416 2.925325
v -1.133610 2.169416 2.925325
v -1.745664 2.616413 2.925325
v -1.201704 2.616413 2.925325
v -1.201704 2.616413 4.937144
v -1.745664 2.616413 4.937144
vn -0.0000 -0.0000 -1.0000
vn -1.0000 -0.0000 -0.0000
vn -0.0000 -0.0000 1.0000
vn 1.0000 -0.0000 -0.0000
vn -0.0000 -1.0000 -0.0000
vn -0.0000 1.0000 -0.0000
vn -0.9366 -0.3504 -0.0000
vn 0.9366 -0.3504 -0.0000
vn -0.9990 -0.0447 -0.0000
vn 0.9990 0.0447 -0.0000
vn 0.0447 -0.9990 -0.0000
vn -0.0447 0.9990 -0.0000
vn -0.9200 -0.3919 -0.0000
vn 0.9513 -0.3082 -0.0000
vn 0.6764 -0.7366 -0.0000
vn -0.6764 0.7366 -0.0000
vn 0.7366 0.6764 -0.0000
vn -0.7366 -0.6764 -0.0000
vn 0.8916 -0.4529 -0.0000
vn -0.3754 0.9269 -0.0000
vn -0.5889 -0.8082 -0.0000
vn 0.5889 0.8082 -0.0000
vn 0.8082 -0.5889 -0.0000
vn -0.8082 0.5889 -0.0000
vn -0.2683 -0.9633 -0.0000
vn 0.8347 0.5507 -0.0000
vn 0.2683 0.9633 -0.0000
vn -0.8347 -0.5507 -0.0000
vn -0.8916 0.4529 -0.0000
vn 0.3754 -0.9269 -0.0000
vn 0.9366 0.3504 -0.0000
vn -0.9366 0.3504 -0.0000
vn 0.9200 0.3919 -0.0000
vn -0.9513 0.3082 -0.0000
s 0
usemtl Material.002
f 3072//339 3066//339 3058//339 3062//339
f 3062//340 3058//340 3060//340 3063//340
f 3070//341 3068//341 3059//341 3064//341
f 3064//342 3059//342 3057//342 3061//342
f 3068//343 3065//343 3057//343 3059//343
f 3069//344 3072//344 3062//344 3063//344
f 3064//344 3061//344 3071//344 3070//344
f 3070//344 3071//344 3072//344 3069//344
f 3060//343 3058//343 3066//343 3067//343
f 3068//341 3067//341 3075//341 3076//341
f 3063//341 3060//341 3067//341 3069//341
f 3069//341 3067//341 3068//341 3070//341
f 3061//339 3057//339 3065//339 3071//339
f 3071//339 3065//339 3066//339 3072//339
f 3075//343 3074//343 3073//343 3076//343
f 3066//339 3065//339 3073//339 3074//339
f 3067//345 3066//345 3074//345 3075//345
f 3065//346 3068//346 3076//346 3073//346
f 3092//339 3086//339 3078//339 3082//339
f 3082//340 3078//340 3080//340 3083//340
f 3090//341 3088//341 3079//341 3084//341
f 3084//342 3079//342 3077//342 3081//342
f 3088//343 3085//343 3077//343 3079//343
f 3089//344 3092//344 3082//344 3083//344
f 3084//344 3081//344 3091//344 3090//344
f 3090//344 3091//344 3092//344 3089//344
f 3080//343 3078//343 3086//343 3087//343
f 3088//341 3087//341 3095//341 3096//341
f 3083//341 3080//341 3087//341 3089//341
f 3089//341 3087//341 3088//341 3090//341
f 3081//339 3077//339 3085//339 3091//339
f 3091//339 3085//339 3086//339 3092//339
f 3095//343 3094//343 3093//343 3096//343
f 3086//339 3085//339 3093//339 3094//339
f 3087//345 3086//345 3094//345 3095//345
f 3085//346 3088//346 3096//346 3093//346
f 3112//339 3106//339 3098//339 3102//339
f 3102//340 3098//340 3100//340 3103//340
f 3110//341 3108//341 3099//341 3104//341
f 3104//342 3099//342 3097//342 3101//342
f 3108//343 3105//343 3097//343 3099//343
f 3109//344 3112//344 3102//344 3103//344
f 3104//344 3101//344 3111//344 3110//344
f 3110//344 3111//344 3112//344 3109//344
f 3100//343 3098//343 3106//343 3107//343
f 3108//341 3107//341 3115//341 3116//341
f 3103//341 3100//341 3107//341 3109//341
f 3109//341 3107//341 3108//341 3110//341
f 3101//339 3097//339 3105//339 3111//339
f 3111//339 3105//339 3106//339 3112//339
f 3115//343 3114//343 3113//343 3116//343
f 3106//339 3105//339 3113//339 3114//339
f 3107//345 3106//345 3114//345 3115//345
f 3105//346 3108//346 3116//346 3113//346
f 3132//339 3126//339 3118//339 3122//339
f 3122//340 3118//340 3120//340 3123//340
f 3130//341 3128//341 3119//341 3124//341
f 3124//342 3119//342 3117//342 3121//342
f 3128//343 3125//343 3117//343 3119//343
f 3129//344 3132//344 3122//344 3123//344
f 3124//344 3121//344 3131//344 3130//344
f 3130//344 3131//344 3132//344 3129//344
f 3120//343 3118//343 3126//343 3127//343
f 3128//341 3127//341 3135//341 3136//341
f 3123//341 3120//341 3127//341 3129//341
f 3129//341 3127//341 3128//341 3130//341
f 3121//339 3117//339 3125//339 3131//339
f 3131//339 3125//339 3126//339 3132//339
f 3135//343 3134//343 3133//343 3136//343
f 3126//339 3125//339 3133//339 3134//339
f 3127//345 3126//345 3134//345 3135//345
f 3125//346 3128//346 3136//346 3133//346
f 3152//339 3146//339 3138//339 3142//339
f 3142//347 3138//347 3140//347 3143//347
f 3150//341 3148//341 3139//341 3144//341
f 3144//348 3139//348 3137//348 3141//348
f 3148//349 3145//349 3137//349 3139//349
f 3149//350 3152//350 3142//350 3143//350
f 3144//350 3141//350 3151//350 3150//350
f 3150//350 3151//350 3152//350 3149//350
f 3140//349 3138//349 3146//349 3147//349
f 3148//341 3147//341 3155//341 3156//341
f 3143//341 3140//341 3147//341 3149//341
f 3149//341 3147//341 3148//341 3150//341
f 3141//339 3137//339 3145//339 3151//339
f 3151//339 3145//339 3146//339 3152//339
f 3155//349 3154//349 3153//349 3156//349
f 3146//339 3145//339 3153//339 3154//339
f 3147//351 3146//351 3154//351 3155//351
f 3145//352 3148//352 3156//352 3153//352
f 3172//339 3166//339 3158//339 3162//339
f 3162//340 3158//340 3160//340 3163//340
f 3170//341 3168//341 3159//341 3164//341
f 3164//342 3159//342 3157//342 3161//342
f 3168//343 3165//343 3157//343 3159//343
f 3169//344 3172//344 3162//344 3163//344
f 3164//344 3161//344 3171//344 3170//344
f 3170//344 3171//344 3172//344 3169//344
f 3160//343 3158//343 3166//343 3167//343
f 3168//341 3167//341 3175//341 3176//341
f 3163//341 3160//341 3167//341 3169//341
f 3169//341 3167//341 3168//341 3170//341
f 3161//339 3157//339 3165//339 3171//339
f 3171//339 3165//339 3166//339 3172//339
f 3175//343 3174//343 3173//343 3176//343
f 3166//339 3165//339 3173//339 3174//339
f 3167//345 3166//345 3174//345 3175//345
f 3165//346 3168//346 3176//346 3173//346
f 3192//339 3186//339 3178//339 3182//339
f 3182//340 3178//340 3180//340 3183//340
f 3190//341 3188//341 3179//341 3184//341
f 3184//342 3179//342 3177//342 3181//342
f 3188//343 3185//343 3177//343 3179//343
f 3189//344 3192//344 3182//344 3183//344
f 3184//344 3181//344 3191//344 3190//344
f 3190//344 3191//344 3192//344 3189//344
f 3180//343 3178//343 3186//343 3187//343
f 3188//341 3187//341 3195//341 3196//341
f 3183//341 3180//341 3187//341 3189//341
f 3189//341 3187//341 3188//341 3190//341
f 3181//339 3177//339 3185//339 3191//339
f 3191//339 3185//339 3186//339 3192//339
f 3195//343 3194//343 3193//343 3196//343
f 3186//339 3185//339 3193//339 3194//339
f 3187//345 3186//345 3194//345 3195//345
f 3185//346 3188//346 3196//346 3193//346
f 3212//339 3206//339 3198//339 3202//339
f 3202//340 3198//340 3200//340 3203//340
f 3210//341 3208//341 3199//341 3204//341
f 3204//342 3199//342 3197//342 3201//342
f 3208//343 3205//343 3197//343 3199//343
f 3209//344 3212//344 3202//344 3203//344
f 3204//344 3201//344 3211//344 3210//344
f 3210//344 3211//344 3212//344 3209//344
f 3200//343 3198//343 3206//343 3207//343
f 3208//341 3207//341 3215//341 3216//341
f 3203//341 3200//341 3207//341 3209//341
f 3209//341 3207//341 3208//341 3210//341
f 3201//339 3197//339 3205//339 3211//339
f 3211//339 3205//339 3206//339 3212//339
f 3215//343 3214//343 3213//343 3216//343
f 3206//339 3205//339 3213//339 3214//339
f 3207//345 3206//345 3214//345 3215//345
f 3205//346 3208//346 3216//346 3213//346
f 3232//339 3226//339 3218//339 3222//339
f 3222//340 3218//340 3220//340 3223//340
f 3230//341 3228//341 3219//341 3224//341
f 3224//342 3219//342 3217//342 3221//342
f 3228//343 3225//343 3217//343 3219//343
f 3229//344 3232//344 3222//344 3223//344
f 3224//344 3221//344 3231//344 3230//344
f 3230//344 3231//344 3232//344 3229//344
f 3220//343 3218//343 3226//343 3227//343
f 3228//341 3227//341 3235//341 3236//341
f 3223//341 3220//341 3227//341 3229//341
f 3229//341 3227//341 3228//341 3230//341
f 3221//339 3217//339 3225//339 3231//339
f 3231//339 3225//339 3226//339 3232//339
f 3235//343 3234//343 3233//343 3236//343
f 3226//339 3225//339 3233//339 3234//339
f 3227//345 3226//345 3234//345 3235//345
f 3225//346 3228//346 3236//346 3233//346
f 3252//339 3246//339 3238//339 3242//339
f 3242//353 3238//353 3240//353 3243//353
f 3250//341 3248//341 3239//341 3244//341
f 3244//354 3239//354 3237//354 3241//354
f 3248//355 3245//355 3237//355 3239//355
f 3249//356 3252//356 3242//356 3243//356
f 3244//356 3241//356 3251//356 3250//356
f 3250//356 3251//356 3252//356 3249//356
f 3240//355 3238//355 3246//355 3247//355
f 3248//341 3247//341 3255//341 3256//341
f 3243//341 3240//341 3247//341 3249//341
f 3249//341 3247//341 3248//341 3250//341
f 3241//339 3237//339 3245//339 3251//339
f 3251//339 3245//339 3246//339 3252//339
f 3255//355 3254//355 3253//355 3256//355
f 3246//339 3245//339 3253//339 3254//339
f 3247//357 3246//357 3254//357 3255//357
f 3245//358 3248//358 3256//358 3253//358
f 3272//339 3266//339 3258//339 3262//339
f 3262//359 3258//359 3260//359 3263//359
f 3270//341 3268//341 3259//341 3264//341
f 3264//360 3259//360 3257//360 3261//360
f 3268//361 3265//361 3257//361 3259//361
f 3269//362 3272//362 3262//362 3263//362
f 3264//362 3261//362 3271//362 3270//362
f 3270//362 3271//362 3272//362 3269//362
f 3260//361 3258//361 3266//361 3267//361
f 3268//341 3267//341 3275//341 3276//341
f 3263//341 3260//341 3267//341 3269//341
f 3269//341 3267//341 3268//341 3270//341
f 3261//339 3257//339 3265//339 3271//339
f 3271//339 3265//339 3266//339 3272//339
f 3275//361 3274//361 3273//361 3276//361
f 3266//339 3265//339 3273//339 3274//339
f 3267//363 3266//363 3274//363 3275//363
f 3265//364 3268//364 3276//364 3273//364
f 3292//339 3286//339 3278//339 3282//339
f 3282//360 3278//360 3280//360 3283//360
f 3290//341 3288//341 3279//341 3284//341
f 3284//359 3279//359 3277//359 3281//359
f 3288//362 3285//362 3277//362 3279//362
f 3289//361 3292//361 3282//361 3283//361
f 3284//361 3281//361 3291//361 3290//361
f 3290//361 3291//361 3292//361 3289//361
f 3280//362 3278//362 3286//362 3287//362
f 3288//341 3287//341 3295//341 3296//341
f 3283//341 3280//341 3287//341 3289//341
f 3289//341 3287//341 3288//341 3290//341
f 3281//339 3277//339 3285//339 3291//339
f 3291//339 3285//339 3286//339 3292//339
f 3295//362 3294//362 3293//362 3296//362
f 3286//339 3285//339 3293//339 3294//339
f 3287//365 3286//365 3294//365 3295//365
f 3285//366 3288//366 3296//366 3293//366
f 3312//339 3306//339 3298//339 3302//339
f 3302//354 3298//354 3300//354 3303//354
f 3310//341 3308//341 3299//341 3304//341
f 3304//353 3299//353 3297//353 3301//353
f 3308//356 3305//356 3297//356 3299//356
f 3309//355 3312//355 3302//355 3303//355
f 3304//355 3301//355 3311//355 3310//355
f 3310//355 3311//355 3312//355 3309//355
f 3300//356 3298//356 3306//356 3307//356
f 3308//341 3307//341 3315//341 3316//341
f 3303//341 3300//341 3307//341 3309//341
f 3309//341 3307//341 3308//341 3310//341
f 3301//339 3297//339 3305//339 3311//339
f 3311//339 3305//339 3306//339 3312//339
f 3315//356 3314//356 3313//356 3316//356
f 3306//339 3305//339 3313//339 3314//339
f 3307//367 3306//367 3314//367 3315//367
f 3305//368 3308//368 3316//368 3313//368
f 3332//339 3326//339 3318//339 3322//339
f 3322//342 3318//342 3320//342 3323//342
f 3330//341 3328//341 3319//341 3324//341
f 3324//340 3319//340 3317//340 3321//340
f 3328//344 3325//344 3317//344 3319//344
f 3329//343 3332//343 3322//343 3323//343
f 3324//343 3321//343 3331//343 3330//343
f 3330//343 3331//343 3332//343 3329//343
f 3320//344 3318//344 3326//344 3327//344
f 3328//341 3327//341 3335//341 3336//341
f 3323//341 3320//341 3327//341 3329//341
f 3329//341 3327//341 3328//341 3330//341
f 3321//339 3317//339 3325//339 3331//339
f 3331//339 3325//339 3326//339 3332//339
f 3335//344 3334//344 3333//344 3336//344
f 3326//339 3325//339 3333//339 3334//339
f 3327//369 3326//369 3334//369 3335//369
f 3325//370 3328//370 3336//370 3333//370
f 3352//339 3346//339 3338//339 3342//339
f 3342//342 3338//342 3340//342 3343//342
f 3350//341 3348//341 3339//341 3344//341
f 3344//340 3339//340 3337//340 3341//340
f 3348//344 3345//344 3337//344 3339//344
f 3349//343 3352//343 3342//343 3343//343
f 3344//343 3341//343 3351//343 3350//343
f 3350//343 3351//343 3352//343 3349//343
f 3340//344 3338//344 3346//344 3347//344
f 3348//341 3347//341 3355//341 3356//341
f 3343//341 3340//341 3347//341 3349//341
f 3349//341 3347//341 3348//341 3350//341
f 3341//339 3337//339 3345//339 3351//339
f 3351//339 3345//339 3346//339 3352//339
f 3355//344 3354//344 3353//344 3356//344
f 3346//339 3345//339 3353//339 3354//339
f 3347//369 3346//369 3354//369 3355//369
f 3345//370 3348//370 3356//370 3353//370
f 3372//339 3366//339 3358//339 3362//339
f 3362//342 3358//342 3360//342 3363//342
f 3370//341 3368//341 3359//341 3364//341
f 3364//340 3359//340 3357//340 3361//340
f 3368//344 3365//344 3357//344 3359//344
f 3369//343 3372//343 3362//343 3363//343
f 3364//343 3361//343 3371//343 3370//343
f 3370//343 3371//343 3372//343 3369//343
f 3360//344 3358//344 3366//344 3367//344
f 3368//341 3367//341 3375//341 3376//341
f 3363//341 3360//341 3367//341 3369//341
f 3369//341 3367//341 3368//341 3370//341
f 3361//339 3357//339 3365//339 3371//339
f 3371//339 3365//339 3366//339 3372//339
f 3375//344 3374//344 3373//344 3376//344
f 3366//339 3365//339 3373//339 3374//339
f 3367//369 3366//369 3374//369 3375//369
f 3365//370 3368//370 3376//370 3373//370
f 3392//339 3386//339 3378//339 3382//339
f 3382//342 3378//342 3380//342 3383//342
f 3390//341 3388//341 3379//341 3384//341
f 3384//340 3379//340 3377//340 3381//340
f 3388//344 3385//344 3377//344 3379//344
f 3389//343 3392//343 3382//343 3383//343
f 3384//343 3381//343 3391//343 3390//343
f 3390//343 3391//343 3392//343 3389//343
f 3380//344 3378//344 3386//344 3387//344
f 3388//341 3387//341 3395//341 3396//341
f 3383//341 3380//341 3387//341 3389//341
f 3389//341 3387//341 3388//341 3390//341
f 3381//339 3377//339 3385//339 3391//339
f 3391//339 3385//339 3386//339 3392//339
f 3395//344 3394//344 3393//344 3396//344
f 3386//339 3385//339 3393//339 3394//339
f 3387//369 3386//369 3394//369 3395//369
f 3385//370 3388//370 3396//370 3393//370
f 3412//339 3406//339 3398//339 3402//339
f 3402//348 3398//348 3400//348 3403//348
f 3410//341 3408//341 3399//341 3404//341
f 3404//347 3399//347 3397//347 3401//347
f 3408//350 3405//350 3397//350 3399//350
f 3409//349 3412//349 3402//349 3403//349
f 3404//349 3401//349 3411//349 3410//349
f 3410//349 3411//349 3412//349 3409//349
f 3400//350 3398//350 3406//350 3407//350
f 3408//341 3407//341 3415//341 3416//341
f 3403//341 3400//341 3407//341 3409//341
f 3409//341 3407//341 3408//341 3410//341
f 3401//339 3397//339 3405//339 3411//339
f 3411//339 3405//339 3406//339 3412//339
f 3415//350 3414//350 3413//350 3416//350
f 3406//339 3405//339 3413//339 3414//339
f 3407//371 3406//371 3414//371 3415//371
f 3405//372 3408//372 3416//372 3413//372
f 3432//339 3426//339 3418//339 3422//339
f 3422//342 3418//342 3420//342 3423//342
f 3430//341 3428//341 3419//341 3424//341
f 3424//340 3419//340 3417//340 3421//340
f 3428//344 3425//344 3417//344 3419//344
f 3429//343 3432//343 3422//343 3423//343
f 3424//343 3421//343 3431//343 3430//343
f 3430//343 3431//343 3432//343 3429//343
f 3420//344 3418//344 3426//344 3427//344
f 3428//341 3427//341 3435//341 3436//341
f 3423//341 3420//341 3427//341 3429//341
f 3429//341 3427//341 3428//341 3430//341
f 3421//339 3417//339 3425//339 3431//339
f 3431//339 3425//339 3426//339 3432//339
f 3435//344 3434//344 3433//344 3436//344
f 3426//339 3425//339 3433//339 3434//339
f 3427//369 3426//369 3434//369 3435//369
f 3425//370 3428//370 3436//370 3433//370
f 3452//339 3446//339 3438//339 3442//339
f 3442//342 3438//342 3440//342 3443//342
f 3450//341 3448//341 3439//341 3444//341
f 3444//340 3439//340 3437//340 3441//340
f 3448//344 3445//344 3437//344 3439//344
f 3449//343 3452//343 3442//343 3443//343
f 3444//343 3441//343 3451//343 3450//343
f 3450//343 3451//343 3452//343 3449//343
f 3440//344 3438//344 3446//344 3447//344
f 3448//341 3447//341 3455//341 3456//341
f 3443//341 3440//341 3447//341 3449//341
f 3449//341 3447//341 3448//341 3450//341
f 3441//339 3437//339 3445//339 3451//339
f 3451//339 3445//339 3446//339 3452//339
f 3455//344 3454//344 3453//344 3456//344
f 3446//339 3445//339 3453//339 3454//339
f 3447//369 3446//369 3454//369 3455//369
f 3445//370 3448//370 3456//370 3453//370
f 3472//339 3466//339 3458//339 3462//339
f 3462//342 3458//342 3460//342 3463//342
f 3470//341 3468//341 3459//341 3464//341
f 3464//340 3459//340 3457//340 3461//340
f 3468//344 3465//344 3457//344 3459//344
f 3469//343 3472//343 3462//343 3463//343
f 3464//343 3461//343 3471//343 3470//343
f 3470//343 3471//343 3472//343 3469//343
f 3460//344 3458//344 3466//344 3467//344
f 3468//341 3467//341 3475//341 3476//341
f 3463//341 3460//341 3467//341 3469//341
f 3469//341 3467//341 3468//341 3470//341
f 3461//339 3457//339 3465//339 3471//339
f 3471//339 3465//339 3466//339 3472//339
f 3475//344 3474//344 3473//344 3476//344
f 3466//339 3465//339 3473//339 3474//339
f 3467//369 3466//369 3474//369 3475//369
f 3465//370 3468//370 3476//370 3473//370
f 3492//339 3486//339 3478//339 3482//339
f 3482//342 3478//342 3480//342 3483//342
f 3490//341 3488//341 3479//341 3484//341
f 3484//340 3479//340 3477//340 3481//340
f 3488//344 3485//344 3477//344 3479//344
f 3489//343 3492//343 3482//343 3483//343
f 3484//343 3481//343 3491//343 3490//343
f 3490//343 3491//343 3492//343 3489//343
f 3480//344 3478//344 3486//344 3487//344
f 3488//341 3487//341 3495//341 3496//341
f 3483//341 3480//341 3487//341 3489//341
f 3489//341 3487//341 3488//341 3490//341
f 3481//339 3477//339 3485//339 3491//339
f 3491//339 3485//339 3486//339 3492//339
f 3495//344 3494//344 3493//344 3496//344
f 3486//339 3485//339 3493//339 3494//339
f 3487//369 3486//369 3494//369 3495//369
f 3485//370 3488//370 3496//370 3493//370
